Rank,Date,Tm,,Opp,,,Scorer,Age,Assist1,Assist2,Goalie,Per.,Time,Strength,Other,Arena Name
1,1999-03-29,NYR,,NYI,W,,Wayne Gretzky,38,,,Wade Flaherty,3,17:53,EV,,Madison Square Garden (IV)
2,1999-02-04,NYR,,VAN,W,,Wayne Gretzky,38,Petr Nedved,Niklas Sundstrom,Garth Snow,2,16:21,EV,,Madison Square Garden (IV)
3,1999-01-10,NYR,,TBL,W,,Wayne Gretzky,37,Brian Leetch,Todd Harvey,Bill Ranford,3,14:21,PP,,Madison Square Garden (IV)
4,1998-12-16,NYR,@,NJD,L,,Wayne Gretzky,37,Niklas Sundstrom,,Martin Brodeur,3,13:35,EV,,Continental Airlines Arena
5,1998-12-02,NYR,@,NYI,W,,Wayne Gretzky,37,Kevin Stevens,,Tommy Salo,3,4:10,EV,,Nassau Veterans Memorial Coliseum
6,1998-12-01,NYR,,FLA,W,OT,Wayne Gretzky,37,Petr Nedved,Kevin Stevens,Sean Burke,2,4:02,PP,,Madison Square Garden (IV)
7,1998-11-29,NYR,,NSH,W,,Wayne Gretzky,37,Kevin Stevens,John MacLean,Mike Dunham,1,9:15,EV,,Madison Square Garden (IV)
8,1998-11-07,NYR,@,TOR,T,OT,Wayne Gretzky,37,Marc Savard,Mathieu Schneider,Curtis Joseph,3,19:22,EV,,Maple Leaf Gardens
9,1998-10-17,NYR,@,PIT,T,OT,Wayne Gretzky,37,Todd Harvey,Brian Leetch,Peter Skudra,2,4:50,PP,,Pittsburgh Civic Arena
10,1998-04-15,NYR,,NYI,W,,Wayne Gretzky,37,Alex Kovalev,Adam Graves,,3,19:13,EV,EN,Madison Square Garden (IV)
11,1998-04-07,NYR,,MTL,L,,Wayne Gretzky,37,Niklas Sundstrom,,Jocelyn Thibault,2,7:34,PP,,Madison Square Garden (IV)
12,1998-04-01,NYR,,BOS,L,,Wayne Gretzky,37,Niklas Sundstrom,Alex Kovalev,Byron Dafoe,3,0:39,EV,,Madison Square Garden (IV)
13,1998-03-22,NYR,@,PHI,L,OT,Wayne Gretzky,37,Alex Kovalev,,Sean Burke,2,19:09,EV,,CoreStates Center
14,1998-03-22,NYR,@,PHI,L,OT,Wayne Gretzky,37,Brian Leetch,Bruce Driver,Sean Burke,3,18:18,EV,,CoreStates Center
15,1998-03-11,NYR,,SJS,W,,Wayne Gretzky,37,Alex Kovalev,Pat LaFontaine,Kelly Hrudey,2,8:45,PP,,Madison Square Garden (IV)
16,1998-03-09,NYR,,NJD,T,OT,Wayne Gretzky,37,Kevin Stevens,,Martin Brodeur,3,18:55,EV,,Madison Square Garden (IV)
17,1998-03-07,NYR,@,NJD,L,,Wayne Gretzky,37,Kevin Stevens,,Martin Brodeur,2,15:29,PP,,Continental Airlines Arena
18,1998-03-04,NYR,@,FLA,W,,Wayne Gretzky,37,Brian Leetch,Alex Kovalev,Kevin Weekes,1,19:18,PP,,Miami Arena
19,1998-03-04,NYR,@,FLA,W,,Wayne Gretzky,37,Brian Leetch,Pat LaFontaine,Kevin Weekes,3,6:58,PP,,Miami Arena
20,1998-01-24,NYR,,NJD,T,OT,Wayne Gretzky,36,Pat LaFontaine,Brian Leetch,Martin Brodeur,1,15:31,PP,,Madison Square Garden (IV)
21,1998-01-03,NYR,@,WSH,W,,Wayne Gretzky,36,Bruce Driver,Darren Langdon,Olaf Kolzig,2,4:53,EV,,MCI Center
22,1998-01-03,NYR,@,WSH,W,,Wayne Gretzky,36,Niklas Sundstrom,,Olaf Kolzig,3,19:38,EV,,MCI Center
23,1997-12-28,NYR,,BOS,W,,Wayne Gretzky,36,Alex Kovalev,Johan Lindbom,Byron Dafoe,1,14:42,EV,,Madison Square Garden (IV)
24,1997-12-02,NYR,,WSH,L,OT,Wayne Gretzky,36,Kevin Stevens,Niklas Sundstrom,Olaf Kolzig,2,19:53,EV,,Madison Square Garden (IV)
25,1997-11-28,NYR,@,BUF,T,OT,Wayne Gretzky,36,Niklas Sundstrom,,Dominik Hasek,3,6:14,EV,,Marine Midland Arena
26,1997-11-21,NYR,@,CAR,W,,Wayne Gretzky,36,Jeff Finley,,Sean Burke,2,9:56,EV,,Greensboro Coliseum
27,1997-11-07,NYR,@,DAL,T,OT,Wayne Gretzky,36,Bill Berg,Brian Leetch,Ed Belfour,3,12:52,EV,,Reunion Arena
28,1997-11-05,NYR,@,COL,W,,Wayne Gretzky,36,Mike Eastwood,Bill Berg,,3,19:31,EV,EN,McNichols Sports Arena
29,1997-10-24,NYR,,TBL,W,,Wayne Gretzky,36,Niklas Sundstrom,Kevin Stevens,Corey Schwab,3,9:17,EV,,Madison Square Garden (IV)
30,1997-10-11,NYR,@,VAN,W,,Wayne Gretzky,36,Kevin Stevens,Jeff Beukeboom,Kirk McLean,3,8:00,EV,,General Motors Place
31,1997-10-11,NYR,@,VAN,W,,Wayne Gretzky,36,Niklas Sundstrom,Ulf Samuelsson,Kirk McLean,2,11:34,EV,,General Motors Place
32,1997-10-11,NYR,@,VAN,W,,Wayne Gretzky,36,Kevin Stevens,Ulf Samuelsson,Kirk McLean,2,17:30,EV,,General Motors Place
33,1997-04-04,NYR,@,BUF,L,,Wayne Gretzky,36,Brian Leetch,Niklas Sundstrom,Dominik Hasek,2,0:42,PP,,Marine Midland Arena
34,1997-04-03,NYR,,BOS,W,,Wayne Gretzky,36,Jeff Beukeboom,Brian Leetch,Jim Carey,1,5:39,EV,,Madison Square Garden (IV)
35,1997-03-24,NYR,,PIT,W,,Wayne Gretzky,36,,,,3,19:09,EV,EN,Madison Square Garden (IV)
36,1997-03-21,NYR,,DET,W,,Wayne Gretzky,36,Esa Tikkanen,,Chris Osgood,3,7:52,EV,,Madison Square Garden (IV)
37,1997-03-19,NYR,,MTL,L,,Wayne Gretzky,36,Niklas Sundstrom,Bill Berg,Jocelyn Thibault,2,16:03,EV,,Madison Square Garden (IV)
38,1997-03-17,NYR,,OTT,L,,Wayne Gretzky,36,Bruce Driver,,Ron Tugnutt,3,15:08,EV,,Madison Square Garden (IV)
39,1997-03-12,NYR,,WSH,W,,Wayne Gretzky,36,Brian Leetch,Mark Messier,Bill Ranford,1,15:59,EV,,Madison Square Garden (IV)
40,1997-03-06,NYR,@,LAK,W,,Wayne Gretzky,36,Chris Ferraro,Bruce Driver,Byron Dafoe,1,4:02,PP,,Great Western Forum
41,1997-02-21,NYR,@,HAR,L,,Wayne Gretzky,36,Doug Lidster,Mike Eastwood,Sean Burke,2,17:54,EV,,Hartford Civic Center
42,1996-12-30,NYR,@,DAL,W,,Wayne Gretzky,35,Alexander Karpovtsev,Brian Noonan,Andy Moog,1,1:26,EV,,Reunion Arena
43,1996-12-30,NYR,@,DAL,W,,Wayne Gretzky,35,Niklas Sundstrom,Luc Robitaille,Andy Moog,3,18:44,EV,,Reunion Arena
44,1996-12-16,NYR,,HAR,W,,Wayne Gretzky,35,Niklas Sundstrom,Jeff Beukeboom,Jean-Sebastien Giguere,3,0:38,EV,,Madison Square Garden (IV)
45,1996-12-07,NYR,@,TOR,W,,Wayne Gretzky,35,Ulf Samuelsson,,Felix Potvin,2,6:49,EV,,Maple Leaf Gardens
46,1996-12-06,NYR,,TOR,W,,Wayne Gretzky,35,Ulf Samuelsson,,Marcel Cousineau,3,16:57,EV,,Madison Square Garden (IV)
47,1996-12-06,NYR,,TOR,W,,Wayne Gretzky,35,Luc Robitaille,Niklas Sundstrom,Marcel Cousineau,1,10:25,EV,,Madison Square Garden (IV)
48,1996-12-01,NYR,,MTL,W,,Wayne Gretzky,35,Pat Flatley,,Jocelyn Thibault,3,11:54,EV,,Madison Square Garden (IV)
49,1996-11-16,NYR,@,PIT,W,,Wayne Gretzky,35,Alexander Karpovtsev,Brian Noonan,Ken Wregget,2,9:18,PP,,Pittsburgh Civic Arena
50,1996-11-11,NYR,,VAN,L,,Wayne Gretzky,35,Alex Kovalev,,Kirk McLean,2,16:59,EV,,Madison Square Garden (IV)
51,1996-11-02,NYR,@,BOS,W,,Wayne Gretzky,35,Luc Robitaille,,Scott Bailey,1,5:57,EV,,FleetCenter
52,1996-10-29,NYR,,FLA,T,OT,Wayne Gretzky,35,Christian Dube,Daniel Goneau,John Vanbiesbrouck,3,15:20,PP,,Madison Square Garden (IV)
53,1996-10-27,NYR,,BUF,W,,Wayne Gretzky,35,Niklas Sundstrom,Alexander Karpovtsev,Andrei Trefilov,2,13:26,EV,,Madison Square Garden (IV)
54,1996-10-25,NYR,@,FLA,L,,Wayne Gretzky,35,Luc Robitaille,Bruce Driver,John Vanbiesbrouck,3,10:10,PP,,Miami Arena
55,1996-10-20,NYR,@,TBL,L,,Wayne Gretzky,35,Niklas Sundstrom,,Corey Schwab,1,13:45,EV,,Ice Palace
56,1996-10-14,NYR,,CGY,W,,Wayne Gretzky,35,Bruce Driver,Alex Kovalev,Trevor Kidd,3,10:39,PP,,Madison Square Garden (IV)
57,1996-10-10,NYR,,DAL,L,,Wayne Gretzky,35,,,Andy Moog,2,19:13,EV,,Madison Square Garden (IV)
58,1996-04-03,STL,@,COL,W,,Wayne Gretzky,35,,,Patrick Roy,2,7:54,PP,,McNichols Sports Arena
59,1996-03-28,STL,,NJD,T,OT,Wayne Gretzky,35,,,Martin Brodeur,1,6:39,SH,,Kiel Center
60,1996-03-24,STL,,DET,T,OT,Wayne Gretzky,35,,,Chris Osgood,1,15:55,EV,,Kiel Center
61,1996-03-18,STL,@,LAK,W,,Wayne Gretzky,35,Stephane Matteau,Brett Hull,Kelly Hrudey,2,7:00,EV,,Great Western Forum
62,1996-03-15,STL,@,SJS,W,,Wayne Gretzky,35,Brett Hull,Shayne Corson,Geoff Sarjeant,3,16:06,EV,,San Jose Arena
63,1996-03-09,STL,,HAR,W,,Wayne Gretzky,35,Al MacInnis,,Jason Muzzatti,2,15:52,EV,,Kiel Center
64,1996-03-09,STL,,HAR,W,,Wayne Gretzky,35,Chris Pronger,,,3,19:45,EV,EN,Kiel Center
65,1996-02-29,STL,@,VAN,T,OT,Wayne Gretzky,35,Stephane Matteau,Brett Hull,Kirk McLean,1,16:24,EV,,General Motors Place
66,1996-02-21,LAK,@,EDM,L,,Wayne Gretzky,35,Shane Churla,Dmitri Khristich,Curtis Joseph,1,8:27,EV,,Edmonton Coliseum
67,1996-01-27,LAK,,MDA,W,,Wayne Gretzky,35,Dmitri Khristich,Vitali Yachmenev,Guy Hebert,1,5:16,EV,,Great Western Forum
68,1996-01-06,LAK,,SJS,W,,Wayne Gretzky,34,Darryl Sydor,Tony Granato,Chris Terreri,1,11:03,PP,,Great Western Forum
69,1996-01-05,LAK,@,SJS,W,,Wayne Gretzky,34,Tony Granato,,,3,19:38,EV,EN,San Jose Arena
70,1996-01-03,LAK,,WIN,L,,Wayne Gretzky,34,Dmitri Khristich,Rick Tocchet,Tim Cheveldae,1,14:29,EV,,Great Western Forum
71,1995-12-29,LAK,@,EDM,L,OT,Wayne Gretzky,34,Eric Lacroix,Rick Tocchet,Bill Ranford,2,11:32,EV,,Edmonton Coliseum
72,1995-12-20,LAK,,VAN,T,OT,Wayne Gretzky,34,,,Kirk McLean,3,18:09,EV,,Great Western Forum
73,1995-12-06,LAK,,WIN,W,,Wayne Gretzky,34,Jari Kurri,Marty McSorley,Tim Cheveldae,2,10:19,PP,,Great Western Forum
74,1995-11-16,LAK,,NYI,W,,Wayne Gretzky,34,Vladimir Tsyplakov,Denis Tsygurov,Tommy Soderstrom,3,11:29,EV,,Great Western Forum
75,1995-11-14,LAK,,DET,L,,Wayne Gretzky,34,Dmitri Khristich,Rick Tocchet,Chris Osgood,3,19:33,EV,,Great Western Forum
76,1995-11-13,LAK,@,MDA,W,,Wayne Gretzky,34,Tony Granato,Aki Berg,Guy Hebert,2,15:53,EV,,Arrowhead Pond of Anaheim
77,1995-11-11,LAK,,PIT,W,,Wayne Gretzky,34,Vitali Yachmenev,Darryl Sydor,,3,18:55,EV,EN,Great Western Forum
78,1995-11-02,LAK,,NYR,W,,Wayne Gretzky,34,,,Mike Richter,3,7:34,PP,,Great Western Forum
79,1995-10-28,LAK,@,TOR,T,OT,Wayne Gretzky,34,Dmitri Khristich,Denis Tsygurov,Felix Potvin,3,8:10,PP,,Maple Leaf Gardens
80,1995-10-12,LAK,,VAN,T,OT,Wayne Gretzky,34,Rob Blake,Vitali Yachmenev,Kirk McLean,1,4:52,PP,,Great Western Forum
81,1995-04-30,LAK,,MDA,W,,Wayne Gretzky,34,Dan Quinn,,Guy Hebert,1,17:24,PP,,Great Western Forum
82,1995-04-06,LAK,,DAL,W,,Wayne Gretzky,34,Darryl Sydor,,Andy Moog,2,4:23,EV,,Great Western Forum
83,1995-04-01,LAK,,WIN,T,OT,Wayne Gretzky,34,Tony Granato,Eric Lacroix,Nikolai Khabibulin,1,1:24,EV,,Great Western Forum
84,1995-04-01,LAK,,WIN,T,OT,Wayne Gretzky,34,,,Nikolai Khabibulin,1,11:49,EV,,Great Western Forum
85,1995-03-20,LAK,,STL,W,,Wayne Gretzky,34,Darryl Sydor,,Curtis Joseph,1,10:06,EV,,Great Western Forum
86,1995-03-20,LAK,,STL,W,,Wayne Gretzky,34,Rob Cowie,Marty McSorley,Curtis Joseph,1,15:43,EV,,Great Western Forum
87,1995-03-13,LAK,@,TOR,W,,Wayne Gretzky,34,Rick Tocchet,Tony Granato,,3,19:33,EV,EN,Maple Leaf Gardens
88,1995-02-23,LAK,,CGY,T,OT,Wayne Gretzky,34,Kevin Brown,,Trevor Kidd,2,17:52,EV,,Great Western Forum
89,1995-02-18,LAK,,VAN,L,,Wayne Gretzky,34,Tony Granato,Jari Kurri,Kirk McLean,2,10:12,PP,,Great Western Forum
90,1995-01-26,LAK,@,STL,L,,Wayne Gretzky,34,Alexei Zhitnik,Rob Blake,Curtis Joseph,2,3:28,EV,,Kiel Center
91,1995-01-20,LAK,,TOR,T,OT,Wayne Gretzky,33,Rick Tocchet,Jari Kurri,Felix Potvin,1,13:12,PP,,Great Western Forum
92,1994-04-02,LAK,,EDM,L,,Wayne Gretzky,33,Kevin Todd,Rob Blake,Bill Ranford,3,17:32,PP,,Great Western Forum
93,1994-03-23,LAK,,VAN,L,,Wayne Gretzky,33,Marty McSorley,Luc Robitaille,Kirk McLean,2,14:47,PP,,Great Western Forum
94,1994-03-20,LAK,@,SJS,T,OT,Wayne Gretzky,33,Alexei Zhitnik,Jari Kurri,Arturs Irbe,3,19:11,EV,,San Jose Arena
95,1994-03-20,LAK,@,SJS,T,OT,Wayne Gretzky,33,,,Arturs Irbe,1,6:16,EV,,San Jose Arena
96,1994-03-15,LAK,,OTT,W,,Wayne Gretzky,33,Robert Lang,John Druce,Craig Billington,3,3:15,EV,,Great Western Forum
97,1994-03-02,LAK,@,HAR,W,,Wayne Gretzky,33,Dixon Ward,,Sean Burke,1,11:54,EV,,Hartford Civic Center
98,1994-02-26,LAK,@,CGY,L,,Wayne Gretzky,33,Doug Houda,,Mike Vernon,1,11:49,EV,,Olympic Saddledome
99,1994-02-25,LAK,@,EDM,T,OT,Wayne Gretzky,33,Jari Kurri,,Bill Ranford,2,14:14,SH,,Northlands Coliseum
100,1994-02-21,LAK,,TOR,L,,Wayne Gretzky,33,Jari Kurri,,Felix Potvin,2,11:05,EV,,Great Western Forum
101,1994-02-21,LAK,,TOR,L,,Wayne Gretzky,33,Luc Robitaille,Rob Blake,Felix Potvin,2,12:42,PP,,Great Western Forum
102,1994-02-11,LAK,@,MDA,W,,Wayne Gretzky,33,Tim Watters,Rob Blake,,3,18:48,EV,EN,Arrowhead Pond of Anaheim
103,1994-02-11,LAK,@,MDA,W,,Wayne Gretzky,33,Mike Donnelly,Jari Kurri,Guy Hebert,1,10:23,EV,,Arrowhead Pond of Anaheim
104,1994-02-05,LAK,,CGY,L,OT,Wayne Gretzky,33,,,Trevor Kidd,3,18:00,PP,,Great Western Forum
105,1994-02-02,LAK,@,EDM,L,,Wayne Gretzky,33,Jari Kurri,Alexei Zhitnik,Bill Ranford,2,12:08,EV,,Northlands Coliseum
106,1994-01-27,LAK,,NYR,L,OT,Wayne Gretzky,33,Rob Blake,Jari Kurri,Mike Richter,2,7:12,PP,,Great Western Forum
107,1994-01-24,LAK,@,CGY,T,OT,Wayne Gretzky,32,,,Andrei Trefilov,2,12:22,PP,,America West Arena
108,1994-01-16,LAK,@,PHI,L,,Wayne Gretzky,32,Tony Granato,Mike Donnelly,Dominic Roussel,2,19:17,EV,,The Spectrum
109,1994-01-15,LAK,@,NJD,W,,Wayne Gretzky,32,Jari Kurri,,,3,19:56,EV,EN,Brendan Byrne Arena
110,1994-01-15,LAK,@,NJD,W,,Wayne Gretzky,32,,,Chris Terreri,1,7:56,SH,,Brendan Byrne Arena
111,1994-01-12,LAK,,HAR,W,,Wayne Gretzky,32,Jari Kurri,Rob Blake,Sean Burke,1,10:34,PP,,Great Western Forum
112,1994-01-12,LAK,,HAR,W,,Wayne Gretzky,32,Jari Kurri,Tim Watters,,3,19:23,SH,EN,Great Western Forum
113,1994-01-01,LAK,@,TOR,W,,Wayne Gretzky,32,Charlie Huddy,Jari Kurri,Damian Rhodes,2,12:55,PP,,Maple Leaf Gardens
114,1993-12-28,LAK,,VAN,W,,Wayne Gretzky,32,Rob Blake,Luc Robitaille,Kirk McLean,3,5:22,PP,,Great Western Forum
115,1993-12-20,LAK,@,CGY,W,OT,Wayne Gretzky,32,Mike Donnelly,Jari Kurri,Mike Vernon,1,18:08,EV,,Olympic Saddledome
116,1993-12-20,LAK,@,CGY,W,OT,Wayne Gretzky,32,Alexei Zhitnik,Mike Donnelly,Mike Vernon,2,17:31,EV,,Olympic Saddledome
117,1993-12-13,LAK,@,OTT,L,,Wayne Gretzky,32,Charlie Huddy,,Craig Billington,3,14:51,SH,,Civic Centre Arena
118,1993-11-30,LAK,,WIN,L,,Wayne Gretzky,32,Jari Kurri,,Bob Essensa,1,13:00,PP,,Great Western Forum
119,1993-11-30,LAK,,WIN,L,,Wayne Gretzky,32,Charlie Huddy,,Bob Essensa,3,16:40,EV,,Great Western Forum
120,1993-11-25,LAK,@,QUE,L,,Wayne Gretzky,32,Jari Kurri,Warren Rychel,Jocelyn Thibault,2,8:58,PP,,Quebec Coliseum
121,1993-11-03,LAK,,NJD,W,,Wayne Gretzky,32,,,Chris Terreri,3,2:34,EV,,Great Western Forum
122,1993-10-29,LAK,@,WIN,W,OT,Wayne Gretzky,32,Mike Donnelly,,Bob Essensa,3,8:06,PP,,Winnipeg Arena
123,1993-10-24,LAK,@,NYR,L,,Wayne Gretzky,32,Mike Donnelly,Bob Jay,Mike Richter,2,2:04,EV,,Madison Square Garden (IV)
124,1993-10-22,LAK,@,WSH,L,,Wayne Gretzky,32,Darryl Sydor,Jari Kurri,Don Beaupre,3,0:37,PP,,US Airways Arena
125,1993-10-20,LAK,@,TBL,W,,Wayne Gretzky,32,Rob Blake,Luc Robitaille,Daren Puppa,2,8:34,PP,,Thunderdome
126,1993-10-16,LAK,,CGY,W,,Wayne Gretzky,32,Darryl Sydor,Luc Robitaille,Jason Muzzatti,3,19:30,EV,,Great Western Forum
127,1993-10-12,LAK,,NYI,W,,Wayne Gretzky,32,Luc Robitaille,Darryl Sydor,Ron Hextall,3,18:16,EV,,Great Western Forum
128,1993-10-09,LAK,,DET,W,,Wayne Gretzky,32,Luc Robitaille,Tomas Sandstrom,Peter Ing,3,3:38,EV,,Great Western Forum
129,1993-10-09,LAK,,DET,W,,Wayne Gretzky,32,Warren Rychel,Tomas Sandstrom,Peter Ing,3,6:00,EV,,Great Western Forum
130,1993-04-15,LAK,,VAN,L,,Wayne Gretzky,32,Tomas Sandstrom,Luc Robitaille,Kay Whitmore,2,6:57,EV,,Great Western Forum
131,1993-04-10,LAK,@,SJS,W,OT,Wayne Gretzky,32,Charlie Huddy,Luc Robitaille,Arturs Irbe,1,11:24,EV,,Cow Palace
132,1993-03-29,LAK,@,DET,W,,Wayne Gretzky,32,Alexei Zhitnik,,Vincent Riendeau,3,3:52,EV,,Joe Louis Arena
133,1993-03-29,LAK,@,DET,W,,Wayne Gretzky,32,Darryl Sydor,Luc Robitaille,Vincent Riendeau,3,8:02,EV,,Joe Louis Arena
134,1993-03-26,LAK,@,EDM,W,,Wayne Gretzky,32,Tomas Sandstrom,Alexei Zhitnik,Bill Ranford,1,16:16,EV,,Northlands Coliseum
135,1993-03-18,LAK,,NYI,W,,Wayne Gretzky,32,Luc Robitaille,Charlie Huddy,Glenn Healy,3,17:20,EV,,Great Western Forum
136,1993-03-16,LAK,,WIN,W,,Wayne Gretzky,32,Mike Donnelly,,Rick Tabaracci,2,1:07,EV,,Great Western Forum
137,1993-03-15,LAK,@,BUF,W,,Wayne Gretzky,32,Tony Granato,Charlie Huddy,,3,19:24,SH,EN,Buffalo Memorial Auditorium
138,1993-03-11,LAK,@,PIT,L,OT,Wayne Gretzky,32,Tony Granato,Charlie Huddy,Tom Barrasso,2,6:05,EV,,Pittsburgh Civic Arena
139,1993-03-06,LAK,,EDM,W,,Wayne Gretzky,32,Tony Granato,Darryl Sydor,Bill Ranford,1,2:12,EV,,Great Western Forum
140,1993-03-02,LAK,,CGY,W,,Wayne Gretzky,32,Tim Watters,,Jeff Reese,1,12:08,EV,,Great Western Forum
141,1993-03-02,LAK,,CGY,W,,Wayne Gretzky,32,,,Jeff Reese,2,7:01,SH,,Great Western Forum
142,1993-02-22,LAK,@,TBL,W,,Wayne Gretzky,32,Luc Robitaille,Charlie Huddy,Wendell Young,2,6:03,EV,,Expo Hall
143,1993-02-17,LAK,@,MNS,W,,Wayne Gretzky,32,Mike Donnelly,Tony Granato,Darcy Wakaluk,1,11:51,EV,,Metropolitan Sports Center
144,1993-01-08,LAK,@,WIN,L,,Wayne Gretzky,31,Luc Robitaille,Tony Granato,Bob Essensa,1,15:32,EV,,Winnipeg Arena
145,1993-01-08,LAK,@,WIN,L,,Wayne Gretzky,31,Paul Coffey,Dave Taylor,Bob Essensa,2,6:12,EV,,Winnipeg Arena
146,1992-03-26,LAK,@,CGY,L,,Wayne Gretzky,31,Tony Granato,Tim Watters,Jeff Reese,1,9:04,EV,,Olympic Saddledome
147,1992-03-21,LAK,,CGY,W,,Wayne Gretzky,31,Marty McSorley,Tim Watters,,3,19:06,EV,EN,Great Western Forum
148,1992-03-21,LAK,,CGY,W,,Wayne Gretzky,31,Jari Kurri,,Mike Vernon,1,1:11,PP,,Great Western Forum
149,1992-03-07,LAK,,PIT,W,,Wayne Gretzky,31,Larry Robinson,John McIntyre,Tom Barrasso,3,4:53,SH,,Great Western Forum
150,1992-02-29,LAK,,MTL,W,,Wayne Gretzky,31,Luc Robitaille,Jari Kurri,,3,19:52,EV,EN,Great Western Forum
151,1992-02-21,LAK,@,CGY,L,,Wayne Gretzky,31,Larry Robinson,Tony Granato,Mike Vernon,1,16:22,EV,,Olympic Saddledome
152,1992-02-19,LAK,@,EDM,L,,Wayne Gretzky,31,Tony Granato,Luc Robitaille,Bill Ranford,1,4:12,PP,,Northlands Coliseum
153,1992-02-17,LAK,,BOS,W,,Wayne Gretzky,31,Brian Benning,Luc Robitaille,Andy Moog,2,17:04,PP,,Great Western Forum
154,1992-02-17,LAK,,BOS,W,,Wayne Gretzky,31,John McIntyre,,,3,18:50,SH,EN,Great Western Forum
155,1992-02-08,LAK,@,PIT,W,,Wayne Gretzky,31,Jari Kurri,Rob Blake,Tom Barrasso,1,14:21,EV,,Pittsburgh Civic Arena
156,1992-02-08,LAK,@,PIT,W,,Wayne Gretzky,31,Marty McSorley,Jari Kurri,Tom Barrasso,1,8:23,PP,,Pittsburgh Civic Arena
157,1992-02-01,LAK,,CHI,W,,Wayne Gretzky,31,Corey Millen,,,3,19:57,EV,EN,Great Western Forum
158,1992-01-28,LAK,,STL,T,OT,Wayne Gretzky,31,Luc Robitaille,Corey Millen,Curtis Joseph,2,4:10,PP,,Great Western Forum
159,1992-01-09,LAK,@,PHI,L,,Wayne Gretzky,30,Jari Kurri,,Ron Hextall,2,11:19,PP,,The Spectrum
160,1992-01-04,LAK,,PHI,W,,Wayne Gretzky,30,Luc Robitaille,John McIntyre,Ken Wregget,2,16:00,EV,,Great Western Forum
161,1991-12-28,LAK,@,EDM,W,,Wayne Gretzky,30,Larry Robinson,Rob Blake,Peter Ing,3,17:38,PP,,Northlands Coliseum
162,1991-12-26,LAK,,SJS,W,,Wayne Gretzky,30,David Goverde,,,3,18:56,EV,EN,Great Western Forum
163,1991-12-21,LAK,,DET,L,,Wayne Gretzky,30,Jari Kurri,Charlie Huddy,Tim Cheveldae,1,8:59,EV,,Great Western Forum
164,1991-12-14,LAK,,VAN,T,OT,Wayne Gretzky,30,Brian Benning,Charlie Huddy,Kirk McLean,2,16:16,EV,,Great Western Forum
165,1991-12-12,LAK,,WIN,W,,Wayne Gretzky,30,Tony Granato,Jari Kurri,Stephane Beauregard,3,11:22,EV,,Great Western Forum
166,1991-12-03,LAK,@,SJS,L,OT,Wayne Gretzky,30,Tony Granato,Tomas Sandstrom,Jeff Hackett,1,9:51,EV,,Cow Palace
167,1991-11-26,LAK,,TOR,T,OT,Wayne Gretzky,30,Charlie Huddy,Rob Blake,Grant Fuhr,2,1:41,PP,,Great Western Forum
168,1991-11-23,LAK,,SJS,W,,Wayne Gretzky,30,Tony Granato,,Arturs Irbe,1,1:22,EV,,Great Western Forum
169,1991-11-23,LAK,,SJS,W,,Wayne Gretzky,30,,,Arturs Irbe,1,16:22,EV,,Great Western Forum
170,1991-11-23,LAK,,SJS,W,,Wayne Gretzky,30,Luc Robitaille,Brian Benning,Arturs Irbe,2,10:36,PP,,Great Western Forum
171,1991-11-21,LAK,,NYR,W,,Wayne Gretzky,30,Tony Granato,Tomas Sandstrom,John Vanbiesbrouck,2,3:52,PP,,Great Western Forum
172,1991-11-12,LAK,@,VAN,L,,Wayne Gretzky,30,Bob Kudelski,Larry Robinson,Kirk McLean,1,14:17,PP,,Pacific Coliseum
173,1991-11-02,LAK,@,TOR,W,,Wayne Gretzky,30,Charlie Huddy,,Grant Fuhr,3,1:13,EV,,Maple Leaf Gardens
174,1991-11-02,LAK,@,TOR,W,,Wayne Gretzky,30,Jari Kurri,Luc Robitaille,Grant Fuhr,3,18:45,EV,,Maple Leaf Gardens
175,1991-10-31,LAK,@,BOS,W,,Wayne Gretzky,30,Luc Robitaille,,,3,19:37,EV,EN,Boston Garden
176,1991-10-30,LAK,@,HAR,T,OT,Wayne Gretzky,30,Tomas Sandstrom,Luc Robitaille,Kay Whitmore,3,17:24,PP,,Hartford Civic Center
177,1991-03-28,LAK,,MNS,W,,Wayne Gretzky,30,Larry Robinson,Tony Granato,Jon Casey,1,10:31,EV,,Great Western Forum
178,1991-03-26,LAK,,EDM,W,,Wayne Gretzky,30,Marty McSorley,Luc Robitaille,Bill Ranford,1,8:23,EV,,Great Western Forum
179,1991-03-26,LAK,,EDM,W,,Wayne Gretzky,30,Larry Robinson,,,3,19:54,EV,EN,Great Western Forum
180,1991-03-07,LAK,@,PIT,L,,Wayne Gretzky,30,,,Tom Barrasso,1,15:16,EV,,Pittsburgh Civic Arena
181,1991-02-24,LAK,@,WIN,W,,Wayne Gretzky,30,Tomas Sandstrom,Tony Granato,Bob Essensa,2,8:20,EV,,Winnipeg Arena
182,1991-02-22,LAK,@,WIN,W,,Wayne Gretzky,30,,,Rick Tabaracci,2,12:05,EV,,Winnipeg Arena
183,1991-02-20,LAK,,QUE,W,,Wayne Gretzky,30,Tony Granato,Marty McSorley,Jacques Cloutier,1,10:00,EV,,Great Western Forum
184,1991-02-18,LAK,,WSH,W,,Wayne Gretzky,30,Marty McSorley,,,3,19:33,EV,EN,Great Western Forum
185,1991-02-02,LAK,,VAN,W,,Wayne Gretzky,30,Marty McSorley,,Troy Gamble,2,10:01,EV,,Great Western Forum
186,1991-01-26,LAK,,VAN,W,,Wayne Gretzky,30,Tony Granato,Tomas Sandstrom,Kirk McLean,1,0:12,EV,,Great Western Forum
187,1991-01-26,LAK,,VAN,W,,Wayne Gretzky,30,Steve Duchesne,Tomas Sandstrom,Kirk McLean,2,1:08,EV,,Great Western Forum
188,1991-01-26,LAK,,VAN,W,,Wayne Gretzky,30,Tomas Sandstrom,Brian Benning,Kirk McLean,3,1:19,EV,,Great Western Forum
189,1991-01-25,LAK,@,VAN,W,,Wayne Gretzky,29,Rob Blake,Dave Taylor,Troy Gamble,3,14:42,PP,,Pacific Coliseum
190,1991-01-17,LAK,@,BOS,L,,Wayne Gretzky,29,Tony Granato,Tomas Sandstrom,Andy Moog,1,6:47,EV,,Boston Garden
191,1991-01-14,LAK,@,NJD,W,,Wayne Gretzky,29,Steve Duchesne,,Chris Terreri,1,0:59,EV,,Brendan Byrne Arena
192,1991-01-12,LAK,,VAN,W,,Wayne Gretzky,29,Rob Blake,,Kirk McLean,1,14:19,PP,,Great Western Forum
193,1991-01-03,LAK,@,NYI,W,,Wayne Gretzky,29,Brian Benning,Tomas Sandstrom,Glenn Healy,1,11:48,EV,,Nassau Veterans Memorial Coliseum
194,1991-01-03,LAK,@,NYI,W,,Wayne Gretzky,29,Steve Duchesne,,Glenn Healy,2,5:09,EV,,Nassau Veterans Memorial Coliseum
195,1991-01-03,LAK,@,NYI,W,,Wayne Gretzky,29,Tomas Sandstrom,,Glenn Healy,2,7:14,EV,,Nassau Veterans Memorial Coliseum
196,1990-12-29,LAK,,MTL,L,,Wayne Gretzky,29,,,Jean-Claude Bergeron,2,1:53,EV,,Great Western Forum
197,1990-12-20,LAK,@,CGY,W,OT,Wayne Gretzky,29,Brian Benning,Bob Kudelski,Rick Wamsley,2,15:27,EV,,Olympic Saddledome
198,1990-12-15,LAK,,EDM,W,,Wayne Gretzky,29,Steve Duchesne,Luc Robitaille,Bill Ranford,2,6:57,PP,,Great Western Forum
199,1990-12-11,LAK,,NYR,L,,Wayne Gretzky,29,Tony Granato,Brad Jones,Mike Richter,3,11:24,EV,,Great Western Forum
200,1990-12-11,LAK,,NYR,L,,Wayne Gretzky,29,Tony Granato,,Mike Richter,3,19:58,EV,,Great Western Forum
201,1990-12-05,LAK,,WIN,T,OT,Wayne Gretzky,29,John Tonelli,Bob Kudelski,Rick Tabaracci,3,10:28,EV,,Great Western Forum
202,1990-11-29,LAK,@,STL,T,OT,Wayne Gretzky,29,Steve Duchesne,Luc Robitaille,Vincent Riendeau,3,16:33,PP,,St. Louis Arena
203,1990-11-25,LAK,@,QUE,T,OT,Wayne Gretzky,29,Tomas Sandstrom,Rob Blake,Ron Tugnutt,2,19:33,EV,,Quebec Coliseum
204,1990-11-20,LAK,,NJD,W,,Wayne Gretzky,29,Dave Taylor,,Chris Terreri,2,7:58,EV,,Great Western Forum
205,1990-11-14,LAK,,BUF,W,,Wayne Gretzky,29,Francis Breault,,Clint Malarchuk,2,12:53,EV,,Great Western Forum
206,1990-11-10,LAK,,EDM,W,,Wayne Gretzky,29,Tony Granato,Steve Duchesne,Bill Ranford,2,1:37,EV,,Great Western Forum
207,1990-11-08,LAK,,DET,W,,Wayne Gretzky,29,Tomas Sandstrom,Steve Duchesne,Tim Cheveldae,2,2:54,EV,,Great Western Forum
208,1990-11-02,LAK,@,WSH,L,,Wayne Gretzky,29,Marty McSorley,Bob Kudelski,Mike Liut,2,16:16,EV,,Capital Center
209,1990-10-31,LAK,@,NYR,L,,Wayne Gretzky,29,Tomas Sandstrom,Steve Duchesne,Mike Richter,1,15:59,EV,,Madison Square Garden (IV)
210,1990-10-30,LAK,@,NYI,W,,Wayne Gretzky,29,Rob Blake,Steve Duchesne,Danny Lorenz,1,18:44,PP,,Nassau Veterans Memorial Coliseum
211,1990-10-19,LAK,,HAR,W,,Wayne Gretzky,29,Steve Duchesne,,,3,18:48,EV,EN,Great Western Forum
212,1990-10-17,LAK,,MNS,W,,Wayne Gretzky,29,,,,3,19:46,EV,EN,Great Western Forum
213,1990-10-13,LAK,,BOS,W,,Wayne Gretzky,29,Tony Granato,Tomas Sandstrom,Reggie Lemelin,1,19:12,EV,,Great Western Forum
214,1990-10-13,LAK,,BOS,W,,Wayne Gretzky,29,,,Andy Moog,3,19:14,PP,,Great Western Forum
215,1990-10-11,LAK,,EDM,T,OT,Wayne Gretzky,29,Steve Kasper,Luc Robitaille,Bill Ranford,3,19:11,EV,,Great Western Forum
216,1990-10-04,LAK,,NYI,W,,Wayne Gretzky,29,Luc Robitaille,Rob Blake,Glenn Healy,1,12:40,PP,,Great Western Forum
217,1990-10-04,LAK,,NYI,W,,Wayne Gretzky,29,Rob Blake,,Glenn Healy,2,18:46,PP,,Great Western Forum
218,1990-03-17,LAK,@,BOS,W,,Wayne Gretzky,29,Tomas Sandstrom,,Reggie Lemelin,3,18:20,EV,,Boston Garden
219,1990-03-14,LAK,@,BUF,W,OT,Wayne Gretzky,29,,,Daren Puppa,2,5:52,EV,,Buffalo Memorial Auditorium
220,1990-03-10,LAK,,PIT,W,,Wayne Gretzky,29,Luc Robitaille,Tim Watters,Alain Chevrier,2,5:46,EV,,Great Western Forum
221,1990-03-07,LAK,,MTL,L,,Wayne Gretzky,29,Steve Kasper,Bob Halkidis,Patrick Roy,2,17:14,EV,,Great Western Forum
222,1990-02-28,LAK,,EDM,W,,Wayne Gretzky,29,Marty McSorley,Mike Krushelnyski,,3,19:19,SH,EN,Great Western Forum
223,1990-02-21,LAK,,MNS,W,,Wayne Gretzky,29,Steve Kasper,,,3,19:52,EV,EN,Great Western Forum
224,1990-02-19,LAK,,WSH,W,,Wayne Gretzky,29,Steve Duchesne,Luc Robitaille,Jim Hrivnak,2,14:54,EV,,Great Western Forum
225,1990-02-17,LAK,,QUE,W,,Wayne Gretzky,29,Tomas Sandstrom,Petr Prajsler,Scott Gordon,3,1:32,EV,,Great Western Forum
226,1990-02-17,LAK,,QUE,W,,Wayne Gretzky,29,Tomas Sandstrom,Mike Allison,Scott Gordon,3,8:27,PP,,Great Western Forum
227,1990-02-14,LAK,@,DET,L,,Wayne Gretzky,29,Brian Benning,Tomas Sandstrom,Tim Cheveldae,1,4:29,EV,,Joe Louis Arena
228,1990-02-14,LAK,@,DET,L,,Wayne Gretzky,29,Tomas Sandstrom,Tim Watters,Tim Cheveldae,2,18:30,EV,,Joe Louis Arena
229,1990-02-01,LAK,,CHI,L,,Wayne Gretzky,29,Tomas Sandstrom,Larry Robinson,Jacques Cloutier,1,19:23,PP,,Great Western Forum
230,1990-01-27,LAK,,NYR,L,,Wayne Gretzky,29,John Tonelli,Tomas Sandstrom,Mike Richter,1,18:35,PP,,Great Western Forum
231,1990-01-18,LAK,,DET,W,,Wayne Gretzky,28,Mike Allison,,Glen Hanlon,1,0:50,EV,,Great Western Forum
232,1990-01-18,LAK,,DET,W,,Wayne Gretzky,28,Larry Robinson,,Glen Hanlon,1,16:35,EV,,Great Western Forum
233,1990-01-16,LAK,,BUF,L,,Wayne Gretzky,28,,,Daren Puppa,2,13:57,SH,,Great Western Forum
234,1990-01-11,LAK,,EDM,T,OT,Wayne Gretzky,28,Luc Robitaille,Larry Robinson,Bill Ranford,3,14:56,EV,,Great Western Forum
235,1990-01-09,LAK,,STL,L,,Wayne Gretzky,28,Bernie Nicholls,Bob Kudelski,Vincent Riendeau,2,10:50,PP,,Great Western Forum
236,1990-01-06,LAK,@,TOR,L,,Wayne Gretzky,28,Mikko Makela,Mike Krushelnyski,Allan Bester,1,12:18,EV,,Maple Leaf Gardens
237,1990-01-01,LAK,@,WSH,W,,Wayne Gretzky,28,Marty McSorley,John Tonelli,Don Beaupre,3,6:49,EV,,Capital Center
238,1990-01-01,LAK,@,WSH,W,,Wayne Gretzky,28,Luc Robitaille,Steve Duchesne,Don Beaupre,3,19:11,EV,,Capital Center
239,1989-12-27,LAK,,CGY,T,OT,Wayne Gretzky,28,Luc Robitaille,Bernie Nicholls,Mike Vernon,2,11:16,PP,,Great Western Forum
240,1989-12-21,LAK,,QUE,W,,Wayne Gretzky,28,Mike Krushelnyski,John Tonelli,Ron Tugnutt,3,12:10,EV,,Great Western Forum
241,1989-12-19,LAK,,WIN,W,,Wayne Gretzky,28,Mikko Makela,,Daniel Berthiaume,2,16:58,EV,,Great Western Forum
242,1989-12-19,LAK,,WIN,W,,Wayne Gretzky,28,Brian Benning,Luc Robitaille,Daniel Berthiaume,1,2:55,PP,,Great Western Forum
243,1989-12-15,LAK,@,NJD,L,,Wayne Gretzky,28,Steve Kasper,Steve Duchesne,Chris Terreri,3,7:48,SH,,Brendan Byrne Arena
244,1989-12-13,LAK,@,HAR,W,,Wayne Gretzky,28,Marty McSorley,,Peter Sidorkiewicz,1,14:50,EV,,Hartford Civic Center
245,1989-12-08,LAK,@,EDM,L,OT,Wayne Gretzky,28,Larry Robinson,Bernie Nicholls,Grant Fuhr,3,14:30,PP,,Northlands Coliseum
246,1989-11-30,LAK,,EDM,L,,Wayne Gretzky,28,Mikko Makela,Mike Krushelnyski,Grant Fuhr,1,15:02,EV,,Great Western Forum
247,1989-11-22,LAK,,CHI,W,,Wayne Gretzky,28,Steve Kasper,,Jacques Cloutier,2,11:40,EV,,Great Western Forum
248,1989-11-08,LAK,,CGY,L,,Wayne Gretzky,28,Steve Duchesne,,Rick Wamsley,2,0:37,EV,,Great Western Forum
249,1989-10-31,LAK,@,PIT,W,,Wayne Gretzky,28,Bernie Nicholls,,Wendell Young,1,5:41,EV,,Pittsburgh Civic Arena
250,1989-10-31,LAK,@,PIT,W,,Wayne Gretzky,28,Petr Prajsler,Bernie Nicholls,Wendell Young,2,1:40,PP,,Pittsburgh Civic Arena
251,1989-10-31,LAK,@,PIT,W,,Wayne Gretzky,28,Bernie Nicholls,,Wendell Young,1,4:41,SH,,Pittsburgh Civic Arena
252,1989-10-21,LAK,@,STL,W,,Wayne Gretzky,28,Larry Robinson,Bob Kudelski,Greg Millen,3,16:47,EV,,St. Louis Arena
253,1989-10-15,LAK,@,EDM,W,OT,Wayne Gretzky,28,Dave Taylor,Steve Duchesne,Bill Ranford,3,19:07,EV,,Northlands Coliseum
254,1989-10-15,LAK,@,EDM,W,OT,Wayne Gretzky,28,Bob Kudelski,,Bill Ranford,OT,3:24,EV,,Northlands Coliseum
255,1989-10-11,LAK,,NYI,L,,Wayne Gretzky,28,John Tonelli,Marty McSorley,Mark Fitzpatrick,3,1:27,PP,,Great Western Forum
256,1989-10-07,LAK,,EDM,L,,Wayne Gretzky,28,Luc Robitaille,Larry Robinson,Bill Ranford,1,10:53,EV,,Great Western Forum
257,1989-10-07,LAK,,EDM,L,,Wayne Gretzky,28,Bob Kudelski,John Tonelli,Bill Ranford,2,1:07,PP,,Great Western Forum
258,1989-03-29,LAK,,WIN,W,OT,Wayne Gretzky,28,Kelly Hrudey,,Pokey Reddick,1,15:32,EV,,Great Western Forum
259,1989-03-28,LAK,,WIN,T,OT,Wayne Gretzky,28,Steve Duchesne,Mike Krushelnyski,Bob Essensa,3,10:51,PP,,Great Western Forum
260,1989-03-12,LAK,@,EDM,W,,Wayne Gretzky,28,Mike Allison,,Grant Fuhr,3,7:23,EV,,Northlands Coliseum
261,1989-03-10,LAK,@,VAN,L,,Wayne Gretzky,28,Mike Allison,Mike Krushelnyski,Kirk McLean,2,2:24,PP,,Pacific Coliseum
262,1989-03-04,LAK,,PHI,W,,Wayne Gretzky,28,Bernie Nicholls,John Tonelli,Ron Hextall,3,16:07,EV,,Great Western Forum
263,1989-03-04,LAK,,PHI,W,,Wayne Gretzky,28,Mike Allison,,Ron Hextall,1,16:00,EV,,Great Western Forum
264,1989-03-02,LAK,@,STL,L,,Wayne Gretzky,28,,,Greg Millen,1,12:39,EV,,St. Louis Arena
265,1989-03-01,LAK,@,BUF,W,,Wayne Gretzky,28,Jay Miller,Marty McSorley,Jacques Cloutier,2,18:56,EV,,Buffalo Memorial Auditorium
266,1989-02-20,LAK,,TOR,W,,Wayne Gretzky,28,Mike Allison,Mike Krushelnyski,Allan Bester,2,7:49,EV,,Great Western Forum
267,1989-02-20,LAK,,TOR,W,,Wayne Gretzky,28,Mike Allison,Mike Krushelnyski,Allan Bester,3,9:17,EV,,Great Western Forum
268,1989-02-18,LAK,,QUE,W,,Wayne Gretzky,28,Bob Kudelski,John Tonelli,Ron Tugnutt,3,13:01,EV,,Great Western Forum
269,1989-02-18,LAK,,QUE,W,,Wayne Gretzky,28,Steve Kasper,,Ron Tugnutt,3,10:48,SH,,Great Western Forum
270,1989-02-12,LAK,@,CHI,W,,Wayne Gretzky,28,Tom Laidlaw,,Alain Chevrier,3,4:19,SH,,Chicago Stadium
271,1989-02-12,LAK,@,CHI,W,,Wayne Gretzky,28,Mike Krushelnyski,Mike Allison,Alain Chevrier,2,19:24,EV,,Chicago Stadium
272,1989-02-12,LAK,@,CHI,W,,Wayne Gretzky,28,Mike Krushelnyski,,Alain Chevrier,2,10:21,PP,,Chicago Stadium
273,1989-02-10,LAK,@,WSH,W,OT,Wayne Gretzky,28,Mike Allison,Dale DeGray,Clint Malarchuk,3,8:34,EV,,Capital Center
274,1989-02-04,LAK,,BUF,W,,Wayne Gretzky,28,Bernie Nicholls,John Tonelli,Darcy Wakaluk,3,10:34,EV,,Great Western Forum
275,1989-02-04,LAK,,BUF,W,,Wayne Gretzky,28,,,Darcy Wakaluk,3,18:12,EV,,Great Western Forum
276,1989-02-04,LAK,,BUF,W,,Wayne Gretzky,28,,,,3,19:59,EV,EN,Great Western Forum
277,1989-02-02,LAK,,NJD,T,OT,Wayne Gretzky,28,John Tonelli,Tom Laidlaw,Sean Burke,3,7:43,EV,,Great Western Forum
278,1989-01-31,LAK,,CGY,L,,Wayne Gretzky,28,Luc Robitaille,Bernie Nicholls,Mike Vernon,3,12:47,PP,,Great Western Forum
279,1989-01-21,LAK,@,HAR,L,,Wayne Gretzky,27,Bernie Nicholls,,Peter Sidorkiewicz,2,14:01,EV,,Hartford Civic Center
280,1989-01-14,LAK,,HAR,W,,Wayne Gretzky,27,Marty McSorley,,Mike Liut,2,9:13,EV,,Great Western Forum
281,1989-01-14,LAK,,HAR,W,,Wayne Gretzky,27,Bernie Nicholls,Steve Duchesne,Mike Liut,1,6:45,PP,,Great Western Forum
282,1989-01-08,LAK,@,WIN,T,OT,Wayne Gretzky,27,Sylvain Couturier,Luc Robitaille,Pokey Reddick,3,12:44,EV,,Winnipeg Arena
283,1988-12-29,LAK,,VAN,L,,Wayne Gretzky,27,Bernie Nicholls,Marty McSorley,Steve Weeks,2,4:00,EV,,Great Western Forum
284,1988-12-23,LAK,@,VAN,W,,Wayne Gretzky,27,Bernie Nicholls,,,3,19:54,EV,EN,Pacific Coliseum
285,1988-12-23,LAK,@,VAN,W,,Wayne Gretzky,27,,,,3,17:54,SH,EN,Pacific Coliseum
286,1988-12-21,LAK,,MNS,W,,Wayne Gretzky,27,Ron Duguay,Tom Laidlaw,Jon Casey,1,3:08,EV,,Great Western Forum
287,1988-12-16,LAK,@,DET,W,,Wayne Gretzky,27,,,,3,19:59,EV,EN,Joe Louis Arena
288,1988-12-12,LAK,@,NYR,W,,Wayne Gretzky,27,Bernie Nicholls,Bob Carpenter,John Vanbiesbrouck,2,3:29,EV,,Madison Square Garden (IV)
289,1988-12-08,LAK,,WIN,T,OT,Wayne Gretzky,27,Mike Allison,,Pokey Reddick,3,0:39,EV,,Great Western Forum
290,1988-12-06,LAK,,WIN,L,OT,Wayne Gretzky,27,Luc Robitaille,Steve Duchesne,Pokey Reddick,3,3:34,EV,,Great Western Forum
291,1988-12-03,LAK,,CHI,W,,Wayne Gretzky,27,Bernie Nicholls,,,3,19:59,EV,EN,Great Western Forum
292,1988-11-29,LAK,,NJD,W,,Wayne Gretzky,27,Gilles Hamel,,Sean Burke,3,19:41,EV,,Great Western Forum
293,1988-11-29,LAK,,NJD,W,,Wayne Gretzky,27,Luc Robitaille,Steve Duchesne,Sean Burke,3,11:17,PP,,Great Western Forum
294,1988-11-26,LAK,@,CGY,L,,Wayne Gretzky,27,Bob Carpenter,,Mike Vernon,1,12:54,EV,,Olympic Saddledome
295,1988-11-23,LAK,@,DET,W,,Wayne Gretzky,27,Dave Taylor,Luc Robitaille,Greg Stefan,1,8:23,EV,,Joe Louis Arena
296,1988-11-19,LAK,,BUF,W,,Wayne Gretzky,27,Bernie Nicholls,,Jacques Cloutier,3,15:57,EV,,Great Western Forum
297,1988-11-15,LAK,,VAN,W,,Wayne Gretzky,27,Doug Crossman,Bernie Nicholls,Kirk McLean,3,0:28,EV,,Great Western Forum
298,1988-11-15,LAK,,VAN,W,,Wayne Gretzky,27,Bernie Nicholls,Luc Robitaille,Kirk McLean,3,2:41,PP,,Great Western Forum
299,1988-11-06,LAK,@,CHI,W,,Wayne Gretzky,27,Steve Duchesne,Ron Duguay,Darren Pang,2,8:09,EV,,Chicago Stadium
300,1988-11-06,LAK,@,CHI,W,,Wayne Gretzky,27,,,,3,19:51,PP,EN,Chicago Stadium
301,1988-11-01,LAK,@,QUE,W,,Wayne Gretzky,27,Wayne McBean,Bob Carpenter,Bob Mason,2,15:58,EV,,Quebec Coliseum
302,1988-10-30,LAK,@,WIN,L,,Wayne Gretzky,27,,,Pokey Reddick,1,14:09,EV,,Winnipeg Arena
303,1988-10-22,LAK,,MNS,W,,Wayne Gretzky,27,Bob Carpenter,Marty McSorley,Kari Takko,3,3:47,EV,,Great Western Forum
304,1988-10-22,LAK,,MNS,W,,Wayne Gretzky,27,Bob Carpenter,,Jon Casey,1,12:12,PP,,Great Western Forum
305,1988-10-17,LAK,@,CGY,L,,Wayne Gretzky,27,Marty McSorley,Luc Robitaille,Mike Vernon,2,3:05,PP,,Olympic Saddledome
306,1988-10-12,LAK,,BOS,W,,Wayne Gretzky,27,Dave Taylor,,Andy Moog,3,7:12,EV,,Great Western Forum
307,1988-10-12,LAK,,BOS,W,,Wayne Gretzky,27,Bernie Nicholls,Ken Baumgartner,Andy Moog,2,14:30,SH,,Great Western Forum
308,1988-10-09,LAK,,NYI,W,OT,Wayne Gretzky,27,Steve Duchesne,,Billy Smith,2,19:46,EV,,Great Western Forum
309,1988-10-08,LAK,,CGY,W,OT,Wayne Gretzky,27,Luc Robitaille,Dave Taylor,Rick Wamsley,1,12:29,EV,,Great Western Forum
310,1988-10-08,LAK,,CGY,W,OT,Wayne Gretzky,27,Larry Playfair,Bernie Nicholls,Rick Wamsley,3,11:14,SH,,Great Western Forum
311,1988-10-06,LAK,,DET,W,,Wayne Gretzky,27,Dave Taylor,Bernie Nicholls,Greg Stefan,1,12:54,PP,,Great Western Forum
312,1988-03-30,EDM,,MNS,W,,Wayne Gretzky,27,Jari Kurri,Steve Smith,Kari Takko,3,14:33,PP,,Northlands Coliseum
313,1988-03-28,EDM,@,TOR,W,,Wayne Gretzky,27,Glenn Anderson,Bill Ranford,,3,19:44,EV,EN,Maple Leaf Gardens
314,1988-03-26,EDM,@,NYI,L,,Wayne Gretzky,27,Geoff Courtnall,,Kelly Hrudey,3,19:40,EV,,Nassau Veterans Memorial Coliseum
315,1988-03-20,EDM,@,MNS,T,OT,Wayne Gretzky,27,Craig Muni,Geoff Courtnall,Jon Casey,1,8:07,EV,,Metropolitan Sports Center
316,1988-03-01,EDM,,LAK,W,,Wayne Gretzky,27,Esa Tikkanen,Charlie Huddy,Roland Melanson,1,12:26,PP,,Northlands Coliseum
317,1988-02-28,EDM,,CGY,L,,Wayne Gretzky,27,Esa Tikkanen,Mark Messier,Mike Vernon,2,10:14,PP,,Northlands Coliseum
318,1988-02-11,EDM,@,VAN,W,,Wayne Gretzky,27,Mark Messier,,Frank Caprice,3,17:52,EV,,Pacific Coliseum
319,1988-02-06,EDM,@,LAK,L,,Wayne Gretzky,27,Esa Tikkanen,,Roland Melanson,1,11:42,EV,,Great Western Forum
320,1988-02-03,EDM,,NJD,W,,Wayne Gretzky,27,Craig Muni,Jari Kurri,Alain Chevrier,2,8:19,EV,,Northlands Coliseum
321,1988-01-30,EDM,,HAR,W,,Wayne Gretzky,27,Charlie Huddy,Jari Kurri,Mike Liut,2,2:24,SH,,Northlands Coliseum
322,1987-12-30,EDM,,PHI,W,,Wayne Gretzky,26,Esa Tikkanen,Grant Fuhr,Ron Hextall,3,18:45,EV,,Northlands Coliseum
323,1987-12-26,EDM,@,CGY,W,,Wayne Gretzky,26,Craig Muni,Esa Tikkanen,Mike Vernon,3,7:32,EV,,Olympic Saddledome
324,1987-12-16,EDM,@,LAK,L,,Wayne Gretzky,26,Jari Kurri,Steve Smith,Glenn Healy,3,6:09,EV,,Great Western Forum
325,1987-12-12,EDM,@,VAN,W,,Wayne Gretzky,26,,,Kirk McLean,2,1:35,SH,,Pacific Coliseum
326,1987-12-12,EDM,@,VAN,W,,Wayne Gretzky,26,Jari Kurri,,Kirk McLean,3,2:54,SH,,Pacific Coliseum
327,1987-12-06,EDM,,MNS,W,,Wayne Gretzky,26,Steve Smith,,Don Beaupre,1,5:38,EV,,Northlands Coliseum
328,1987-12-06,EDM,,MNS,W,,Wayne Gretzky,26,Jari Kurri,Esa Tikkanen,Don Beaupre,2,15:13,EV,,Northlands Coliseum
329,1987-12-06,EDM,,MNS,W,,Wayne Gretzky,26,Steve Smith,Grant Fuhr,Don Beaupre,3,14:15,EV,,Northlands Coliseum
330,1987-12-06,EDM,,MNS,W,,Wayne Gretzky,26,Craig Simpson,Esa Tikkanen,Don Beaupre,1,14:34,PP,,Northlands Coliseum
331,1987-12-06,EDM,,MNS,W,,Wayne Gretzky,26,Mark Messier,Jari Kurri,Kari Takko,1,16:11,PP,,Northlands Coliseum
332,1987-12-05,EDM,,TOR,W,,Wayne Gretzky,26,Esa Tikkanen,Jeff Beukeboom,Ken Wregget,3,0:57,EV,,Northlands Coliseum
333,1987-12-05,EDM,,TOR,W,,Wayne Gretzky,26,Esa Tikkanen,,Ken Wregget,3,18:59,EV,,Northlands Coliseum
334,1987-11-27,EDM,,CHI,W,,Wayne Gretzky,26,Mark Messier,,Darren Pang,2,18:37,SH,,Northlands Coliseum
335,1987-11-25,EDM,,NJD,L,OT,Wayne Gretzky,26,Mark Messier,Craig Muni,Alain Chevrier,2,18:47,SH,,Northlands Coliseum
336,1987-11-22,EDM,@,WIN,L,OT,Wayne Gretzky,26,Glenn Anderson,Mark Messier,Pokey Reddick,1,4:57,EV,,Winnipeg Arena
337,1987-11-22,EDM,@,WIN,L,OT,Wayne Gretzky,26,Esa Tikkanen,,Pokey Reddick,1,9:27,EV,,Winnipeg Arena
338,1987-11-15,EDM,@,CHI,L,,Wayne Gretzky,26,Mark Messier,Charlie Huddy,Darren Pang,2,0:14,PP,,Chicago Stadium
339,1987-11-07,EDM,,BUF,W,,Wayne Gretzky,26,Charlie Huddy,Esa Tikkanen,Tom Barrasso,1,17:14,EV,,Northlands Coliseum
340,1987-11-07,EDM,,BUF,W,,Wayne Gretzky,26,Jim Wiemer,Mark Messier,Tom Barrasso,2,5:13,PP,,Northlands Coliseum
341,1987-11-05,EDM,@,CGY,T,OT,Wayne Gretzky,26,Jari Kurri,Steve Smith,Mike Vernon,3,9:31,EV,,Olympic Saddledome
342,1987-11-04,EDM,,NYR,W,,Wayne Gretzky,26,Esa Tikkanen,,John Vanbiesbrouck,2,1:31,PP,,Northlands Coliseum
343,1987-11-04,EDM,,NYR,W,,Wayne Gretzky,26,Jari Kurri,Esa Tikkanen,John Vanbiesbrouck,1,15:20,EV,,Northlands Coliseum
344,1987-11-04,EDM,,NYR,W,,Wayne Gretzky,26,Esa Tikkanen,Charlie Huddy,John Vanbiesbrouck,1,9:05,PP,,Northlands Coliseum
345,1987-10-24,EDM,,VAN,W,,Wayne Gretzky,26,Esa Tikkanen,,Richard Brodeur,1,7:24,EV,,Northlands Coliseum
346,1987-10-24,EDM,,VAN,W,,Wayne Gretzky,26,Steve Smith,,Richard Brodeur,3,15:05,EV,,Northlands Coliseum
347,1987-10-21,EDM,,LAK,W,,Wayne Gretzky,26,Kevin Lowe,,Glenn Healy,1,18:35,EV,,Northlands Coliseum
348,1987-10-21,EDM,,LAK,W,,Wayne Gretzky,26,Jeff Beukeboom,Mark Messier,Glenn Healy,3,3:25,EV,,Northlands Coliseum
349,1987-10-17,EDM,,BOS,W,,Wayne Gretzky,26,Jari Kurri,,Reggie Lemelin,2,13:19,EV,,Northlands Coliseum
350,1987-10-14,EDM,,CGY,L,,Wayne Gretzky,26,Mike Krushelnyski,Steve Smith,Mike Vernon,2,1:46,EV,,Northlands Coliseum
351,1987-10-11,EDM,@,LAK,W,,Wayne Gretzky,26,Grant Fuhr,,Roland Melanson,2,8:03,EV,,Great Western Forum
352,1987-04-02,EDM,,CGY,T,OT,Wayne Gretzky,26,Mark Messier,Paul Coffey,Doug Dadswell,2,12:51,PP,,Northlands Coliseum
353,1987-03-19,EDM,@,CGY,L,,Wayne Gretzky,26,Dave Hunter,Moe Lemay,Mike Vernon,2,10:50,EV,,Olympic Saddledome
354,1987-03-15,EDM,,HAR,W,,Wayne Gretzky,26,Esa Tikkanen,,Mike Liut,2,1:58,EV,,Northlands Coliseum
355,1987-03-14,EDM,,BUF,W,,Wayne Gretzky,26,Esa Tikkanen,Jari Kurri,Tom Barrasso,1,7:07,EV,,Northlands Coliseum
356,1987-03-14,EDM,,BUF,W,,Wayne Gretzky,26,Mike Krushelnyski,Jari Kurri,Tom Barrasso,2,18:59,EV,,Northlands Coliseum
357,1987-03-11,EDM,,DET,W,,Wayne Gretzky,26,Glenn Anderson,Reijo Ruotsalainen,Greg Stefan,3,18:41,EV,,Northlands Coliseum
358,1987-03-06,EDM,,LAK,W,,Wayne Gretzky,26,,,Al Jensen,3,19:39,SH,,Northlands Coliseum
359,1987-03-04,EDM,@,VAN,W,,Wayne Gretzky,26,Kent Nilsson,Paul Coffey,Frank Caprice,3,11:33,PP,,Pacific Coliseum
360,1987-02-22,EDM,@,WIN,L,,Wayne Gretzky,26,Jari Kurri,,Pokey Reddick,2,14:24,EV,,Winnipeg Arena
361,1987-02-18,EDM,,TOR,W,,Wayne Gretzky,26,Craig MacTavish,Paul Coffey,Allan Bester,1,18:38,EV,,Northlands Coliseum
362,1987-02-08,EDM,,STL,W,,Wayne Gretzky,26,Jari Kurri,Esa Tikkanen,Greg Millen,3,1:06,EV,,Northlands Coliseum
363,1987-02-08,EDM,,STL,W,,Wayne Gretzky,26,Esa Tikkanen,Craig Muni,Greg Millen,1,5:44,PP,,Northlands Coliseum
364,1987-02-04,EDM,@,MNS,W,OT,Wayne Gretzky,26,Kevin Lowe,Mark Messier,Don Beaupre,3,9:49,EV,,Metropolitan Sports Center
365,1987-01-30,EDM,,MNS,T,OT,Wayne Gretzky,26,Jari Kurri,Esa Tikkanen,Don Beaupre,2,13:21,EV,,Northlands Coliseum
366,1987-01-24,EDM,,PIT,W,,Wayne Gretzky,25,Randy Gregg,Craig MacTavish,Gilles Meloche,2,11:11,SH,,Northlands Coliseum
367,1987-01-23,EDM,,NYR,W,,Wayne Gretzky,25,Esa Tikkanen,Steve Smith,John Vanbiesbrouck,1,9:25,PP,,Northlands Coliseum
368,1987-01-23,EDM,,NYR,W,,Wayne Gretzky,25,Steve Smith,Esa Tikkanen,John Vanbiesbrouck,2,9:47,PP,,Northlands Coliseum
369,1987-01-21,EDM,@,WIN,W,,Wayne Gretzky,25,Steve Smith,,Steve Penney,1,6:24,EV,,Winnipeg Arena
370,1987-01-21,EDM,@,WIN,W,,Wayne Gretzky,25,Kevin Lowe,,,3,19:53,EV,EN,Winnipeg Arena
371,1987-01-17,EDM,@,TOR,W,,Wayne Gretzky,25,Craig Muni,,,3,18:43,EV,EN,Maple Leaf Gardens
372,1987-01-15,EDM,@,QUE,W,,Wayne Gretzky,25,Kevin McClelland,,Clint Malarchuk,3,9:03,EV,,Quebec Coliseum
373,1987-01-13,EDM,@,DET,W,,Wayne Gretzky,25,Mark Messier,Glenn Anderson,Glen Hanlon,2,9:29,EV,,Joe Louis Arena
374,1987-01-03,EDM,@,LAK,W,,Wayne Gretzky,25,Randy Gregg,Jari Kurri,Bob Janecyk,2,13:59,SH,,Great Western Forum
375,1986-12-30,EDM,@,VAN,W,,Wayne Gretzky,25,Paul Coffey,Randy Gregg,Richard Brodeur,1,12:24,PP,,Pacific Coliseum
376,1986-12-30,EDM,@,VAN,W,,Wayne Gretzky,25,Esa Tikkanen,Glenn Anderson,Richard Brodeur,1,15:36,PP,,Pacific Coliseum
377,1986-12-28,EDM,,PHI,W,,Wayne Gretzky,25,,,Ron Hextall,2,14:42,EV,,Northlands Coliseum
378,1986-12-28,EDM,,PHI,W,,Wayne Gretzky,25,Randy Gregg,Jari Kurri,Ron Hextall,3,16:29,EV,,Northlands Coliseum
379,1986-12-20,EDM,,LAK,T,OT,Wayne Gretzky,25,Jari Kurri,Mike Krushelnyski,Darren Eliot,1,8:36,EV,,Northlands Coliseum
380,1986-12-20,EDM,,LAK,T,OT,Wayne Gretzky,25,Mike Krushelnyski,Jari Kurri,Darren Eliot,2,13:46,EV,,Northlands Coliseum
381,1986-12-19,EDM,,VAN,W,,Wayne Gretzky,25,Jari Kurri,Mark Messier,,3,19:50,EV,EN,Northlands Coliseum
382,1986-12-19,EDM,,VAN,W,,Wayne Gretzky,25,Mark Messier,Jari Kurri,Richard Brodeur,3,13:15,PP,,Northlands Coliseum
383,1986-12-17,EDM,,QUE,W,,Wayne Gretzky,25,Esa Tikkanen,Craig Muni,Richard Sevigny,1,1:28,EV,,Northlands Coliseum
384,1986-12-17,EDM,,QUE,W,,Wayne Gretzky,25,,,Richard Sevigny,1,11:31,EV,,Northlands Coliseum
385,1986-12-17,EDM,,QUE,W,,Wayne Gretzky,25,Esa Tikkanen,Jari Kurri,Richard Sevigny,1,12:38,EV,,Northlands Coliseum
386,1986-12-17,EDM,,QUE,W,,Wayne Gretzky,25,Kevin Lowe,Mark Messier,Richard Sevigny,2,16:05,SH,,Northlands Coliseum
387,1986-12-10,EDM,@,WIN,W,,Wayne Gretzky,25,Jari Kurri,Esa Tikkanen,Daniel Berthiaume,1,7:56,EV,,Winnipeg Arena
388,1986-12-10,EDM,@,WIN,W,,Wayne Gretzky,25,Esa Tikkanen,Steve Smith,Daniel Berthiaume,2,1:47,EV,,Winnipeg Arena
389,1986-12-10,EDM,@,WIN,W,,Wayne Gretzky,25,Mark Messier,Kevin Lowe,Daniel Berthiaume,1,0:30,SH,,Winnipeg Arena
390,1986-12-09,EDM,@,MNS,W,,Wayne Gretzky,25,Esa Tikkanen,Randy Gregg,Don Beaupre,2,14:01,PP,,Metropolitan Sports Center
391,1986-12-07,EDM,@,PHI,L,,Wayne Gretzky,25,Esa Tikkanen,Glenn Anderson,Ron Hextall,2,1:32,EV,,The Spectrum
392,1986-12-03,EDM,,NYI,W,,Wayne Gretzky,25,Esa Tikkanen,,Kelly Hrudey,3,16:37,EV,,Northlands Coliseum
393,1986-11-26,EDM,,WIN,W,,Wayne Gretzky,25,Esa Tikkanen,Glenn Anderson,Pokey Reddick,3,1:43,EV,,Northlands Coliseum
394,1986-11-24,EDM,@,CGY,L,,Wayne Gretzky,25,Glenn Anderson,Paul Coffey,Mike Vernon,3,6:30,EV,,Olympic Saddledome
395,1986-11-22,EDM,,VAN,W,,Wayne Gretzky,25,Esa Tikkanen,Glenn Anderson,Troy Gamble,1,1:37,EV,,Northlands Coliseum
396,1986-11-22,EDM,,VAN,W,,Wayne Gretzky,25,Kevin Lowe,Craig Muni,Troy Gamble,2,1:40,EV,,Northlands Coliseum
397,1986-11-22,EDM,,VAN,W,,Wayne Gretzky,25,Charlie Huddy,Jari Kurri,,3,19:42,EV,EN,Northlands Coliseum
398,1986-11-19,EDM,,NYR,W,OT,Wayne Gretzky,25,Paul Coffey,Mike Krushelnyski,John Vanbiesbrouck,1,17:37,EV,,Northlands Coliseum
399,1986-11-16,EDM,@,NYR,W,,Wayne Gretzky,25,Kevin Lowe,,Doug Soetaert,2,14:39,EV,,Madison Square Garden (IV)
400,1986-11-13,EDM,@,BOS,L,OT,Wayne Gretzky,25,Craig MacTavish,Craig Muni,Doug Keans,3,6:37,EV,,Boston Garden
401,1986-11-07,EDM,@,CGY,L,,Wayne Gretzky,25,Paul Coffey,Mark Messier,Mike Vernon,3,15:26,PP,,Olympic Saddledome
402,1986-11-05,EDM,,CGY,L,,Wayne Gretzky,25,Mike Krushelnyski,Kevin Lowe,Mike Vernon,2,3:39,EV,,Northlands Coliseum
403,1986-10-31,EDM,@,VAN,W,,Wayne Gretzky,25,,,Richard Brodeur,3,14:08,EV,,Pacific Coliseum
404,1986-10-31,EDM,@,VAN,W,,Wayne Gretzky,25,Mark Messier,Charlie Huddy,Richard Brodeur,3,12:22,SH,,Pacific Coliseum
405,1986-10-29,EDM,,WSH,W,,Wayne Gretzky,25,Paul Coffey,Charlie Huddy,,3,19:04,EV,EN,Northlands Coliseum
406,1986-10-24,EDM,,BOS,W,,Wayne Gretzky,25,Mark Messier,,Pat Riggin,1,5:26,SH,,Northlands Coliseum
407,1986-10-24,EDM,,BOS,W,,Wayne Gretzky,25,Lee Fogolin,Jari Kurri,Doug Keans,2,19:04,EV,,Northlands Coliseum
408,1986-10-24,EDM,,BOS,W,,Wayne Gretzky,25,Mark Messier,,Pat Riggin,1,17:28,PP,,Northlands Coliseum
409,1986-10-21,EDM,,CHI,W,,Wayne Gretzky,25,Dave Hunter,Glenn Anderson,Bob Sauve,1,9:35,EV,,Northlands Coliseum
410,1986-10-21,EDM,,CHI,W,,Wayne Gretzky,25,Mike Krushelnyski,,Bob Sauve,3,12:44,EV,,Northlands Coliseum
411,1986-10-12,EDM,@,WIN,L,,Wayne Gretzky,25,Mark Messier,Charlie Huddy,Pokey Reddick,2,8:28,EV,,Winnipeg Arena
412,1986-10-11,EDM,@,MTL,W,OT,Wayne Gretzky,25,Glenn Anderson,Mark Messier,Patrick Roy,2,1:27,PP,,Montreal Forum
413,1986-10-11,EDM,@,MTL,W,OT,Wayne Gretzky,25,Paul Coffey,,Patrick Roy,2,19:53,PP,,Montreal Forum
414,1986-04-02,EDM,,VAN,W,,Wayne Gretzky,25,Jari Kurri,Paul Coffey,Wendell Young,3,1:26,PP,,Northlands Coliseum
415,1986-03-26,EDM,@,PIT,W,,Wayne Gretzky,25,Mark Napier,,Roberto Romano,3,11:10,EV,,Pittsburgh Civic Arena
416,1986-03-18,EDM,,WIN,W,,Wayne Gretzky,25,Paul Coffey,,Brian Hayward,2,18:00,EV,,Northlands Coliseum
417,1986-03-14,EDM,,DET,W,,Wayne Gretzky,25,Glenn Anderson,,Eddie Mio,3,19:03,EV,,Northlands Coliseum
418,1986-03-09,EDM,@,LAK,W,,Wayne Gretzky,25,Glenn Anderson,,Roland Melanson,2,3:52,EV,,Great Western Forum
419,1986-03-05,EDM,,LAK,W,,Wayne Gretzky,25,Lee Fogolin,,Roland Melanson,3,8:19,EV,,Northlands Coliseum
420,1986-03-05,EDM,,LAK,W,,Wayne Gretzky,25,Paul Coffey,Randy Gregg,Roland Melanson,2,16:19,PP,,Northlands Coliseum
421,1986-02-26,EDM,@,WIN,W,,Wayne Gretzky,25,Jari Kurri,Randy Gregg,Brian Hayward,3,4:12,EV,,Winnipeg Arena
422,1986-02-26,EDM,@,WIN,W,,Wayne Gretzky,25,Jari Kurri,Charlie Huddy,Marc Behrend,3,8:37,EV,,Winnipeg Arena
423,1986-02-24,EDM,,MTL,W,,Wayne Gretzky,25,Jari Kurri,Charlie Huddy,Patrick Roy,1,8:30,EV,,Northlands Coliseum
424,1986-02-22,EDM,,BOS,L,OT,Wayne Gretzky,25,Glenn Anderson,Dave Lumley,Pat Riggin,2,9:47,EV,,Northlands Coliseum
425,1986-02-19,EDM,,TOR,W,,Wayne Gretzky,25,Jari Kurri,Paul Coffey,Ken Wregget,3,19:11,EV,,Northlands Coliseum
426,1986-02-19,EDM,,TOR,W,,Wayne Gretzky,25,Mark Messier,,Ken Wregget,2,14:31,SH,,Northlands Coliseum
427,1986-02-16,EDM,,BUF,W,,Wayne Gretzky,25,Paul Coffey,Andy Moog,Jacques Cloutier,1,11:53,EV,,Northlands Coliseum
428,1986-01-25,EDM,,LAK,W,,Wayne Gretzky,24,Jari Kurri,Mike Krushelnyski,Darren Eliot,1,15:48,EV,,Northlands Coliseum
429,1986-01-24,EDM,,NJD,W,OT,Wayne Gretzky,24,,,Craig Billington,OT,1:29,EV,,Northlands Coliseum
430,1986-01-22,EDM,,PIT,L,,Wayne Gretzky,24,Don Jackson,Randy Gregg,Gilles Meloche,1,19:13,EV,,Northlands Coliseum
431,1986-01-15,EDM,@,HAR,W,,Wayne Gretzky,24,Paul Coffey,,Mike Liut,2,6:44,EV,,Hartford Civic Center
432,1986-01-15,EDM,@,HAR,W,,Wayne Gretzky,24,Don Jackson,,,3,19:45,EV,EN,Hartford Civic Center
433,1986-01-13,EDM,@,BOS,W,,Wayne Gretzky,24,Glenn Anderson,Mark Messier,Pat Riggin,1,7:15,PP,,Boston Garden
434,1986-01-11,EDM,@,MTL,W,,Wayne Gretzky,24,,,Doug Soetaert,3,19:10,EV,,Montreal Forum
435,1986-01-08,EDM,@,TOR,L,,Wayne Gretzky,24,Jari Kurri,Paul Coffey,Tim Bernhardt,1,14:03,EV,,Maple Leaf Gardens
436,1986-01-08,EDM,@,TOR,L,,Wayne Gretzky,24,Jari Kurri,Paul Coffey,Tim Bernhardt,2,4:58,EV,,Maple Leaf Gardens
437,1986-01-08,EDM,@,TOR,L,,Wayne Gretzky,24,Glenn Anderson,Jari Kurri,Tim Bernhardt,2,15:10,EV,,Maple Leaf Gardens
438,1986-01-05,EDM,,CGY,W,,Wayne Gretzky,24,Jari Kurri,,Reggie Lemelin,1,8:51,EV,,Northlands Coliseum
439,1986-01-02,EDM,@,CGY,W,,Wayne Gretzky,24,Paul Coffey,Grant Fuhr,Reggie Lemelin,2,3:35,SH,,Olympic Saddledome
440,1985-12-31,EDM,,PHI,W,,Wayne Gretzky,24,Craig MacTavish,,Bob Froese,2,8:34,EV,,Northlands Coliseum
441,1985-12-31,EDM,,PHI,W,,Wayne Gretzky,24,Jari Kurri,,Bob Froese,2,12:31,EV,,Northlands Coliseum
442,1985-12-31,EDM,,PHI,W,,Wayne Gretzky,24,Jari Kurri,Charlie Huddy,Bob Froese,3,8:17,EV,,Northlands Coliseum
443,1985-12-22,EDM,,WIN,L,,Wayne Gretzky,24,Paul Coffey,Charlie Huddy,Brian Hayward,3,11:23,EV,,Northlands Coliseum
444,1985-12-22,EDM,,WIN,L,,Wayne Gretzky,24,Jari Kurri,Paul Coffey,Brian Hayward,2,14:25,PP,,Northlands Coliseum
445,1985-12-13,EDM,@,WIN,W,,Wayne Gretzky,24,,,Marc Behrend,3,17:14,EV,,Winnipeg Arena
446,1985-12-13,EDM,@,WIN,W,,Wayne Gretzky,24,,,Marc Behrend,3,18:12,EV,,Winnipeg Arena
447,1985-12-07,EDM,,MNS,W,,Wayne Gretzky,24,Glenn Anderson,Steve Smith,Don Beaupre,1,15:03,PP,,Northlands Coliseum
448,1985-11-30,EDM,,HAR,W,,Wayne Gretzky,24,Lee Fogolin,,Steve Weeks,2,8:19,EV,,Northlands Coliseum
449,1985-11-27,EDM,,VAN,T,OT,Wayne Gretzky,24,Charlie Huddy,Dave Semenko,Richard Brodeur,2,1:17,EV,,Northlands Coliseum
450,1985-11-27,EDM,,VAN,T,OT,Wayne Gretzky,24,Glenn Anderson,Paul Coffey,Richard Brodeur,1,15:51,PP,,Northlands Coliseum
451,1985-11-20,EDM,@,MTL,W,OT,Wayne Gretzky,24,Mike Krushelnyski,Mark Messier,Steve Penney,2,13:41,EV,,Montreal Forum
452,1985-11-19,EDM,@,QUE,W,,Wayne Gretzky,24,Dave Semenko,Glenn Anderson,Clint Malarchuk,3,7:31,EV,,Quebec Coliseum
453,1985-11-16,EDM,@,NYI,T,OT,Wayne Gretzky,24,Jari Kurri,Kevin Lowe,Kelly Hrudey,1,12:53,PP,,Nassau Veterans Memorial Coliseum
454,1985-11-12,EDM,@,WSH,L,,Wayne Gretzky,24,Jari Kurri,,Al Jensen,3,3:00,PP,,Capital Center
455,1985-11-06,EDM,@,LAK,T,OT,Wayne Gretzky,24,Andy Moog,Glenn Anderson,Bob Janecyk,3,18:20,EV,,Great Western Forum
456,1985-11-05,EDM,@,VAN,W,,Wayne Gretzky,24,Paul Coffey,Jari Kurri,Richard Brodeur,1,12:43,EV,,Pacific Coliseum
457,1985-11-05,EDM,@,VAN,W,,Wayne Gretzky,24,Jari Kurri,Mark Messier,,3,19:38,EV,EN,Pacific Coliseum
458,1985-11-03,EDM,,TOR,W,,Wayne Gretzky,24,Paul Coffey,,Tim Bernhardt,1,10:26,EV,,Northlands Coliseum
459,1985-11-03,EDM,,TOR,W,,Wayne Gretzky,24,Mike Krushelnyski,,Tim Bernhardt,2,2:10,EV,,Northlands Coliseum
460,1985-11-03,EDM,,TOR,W,,Wayne Gretzky,24,Jari Kurri,Mark Messier,Tim Bernhardt,2,15:47,PP,,Northlands Coliseum
461,1985-10-28,EDM,@,CGY,W,,Wayne Gretzky,24,Jari Kurri,,Reggie Lemelin,2,14:00,EV,,Olympic Saddledome
462,1985-10-25,EDM,,CGY,W,,Wayne Gretzky,24,Lee Fogolin,,Marc D'Amour,2,3:47,SH,,Northlands Coliseum
463,1985-10-20,EDM,@,LAK,W,,Wayne Gretzky,24,Mike Krushelnyski,Paul Coffey,Bob Janecyk,1,15:21,PP,,Great Western Forum
464,1985-10-10,EDM,,WIN,W,,Wayne Gretzky,24,Kevin McClelland,Kevin Lowe,Brian Hayward,1,3:22,EV,,Northlands Coliseum
465,1985-10-10,EDM,,WIN,W,,Wayne Gretzky,24,Mike Krushelnyski,,Brian Hayward,3,3:52,PP,,Northlands Coliseum
466,1985-04-05,EDM,,CGY,T,OT,Wayne Gretzky,24,Paul Coffey,,Reggie Lemelin,1,2:40,EV,,Northlands Coliseum
467,1985-04-02,EDM,@,LAK,W,,Wayne Gretzky,24,Mark Napier,Mike Krushelnyski,Bob Janecyk,1,0:46,EV,,Great Western Forum
468,1985-04-02,EDM,@,LAK,W,,Wayne Gretzky,24,Mike Krushelnyski,Paul Coffey,Bob Janecyk,1,13:42,EV,,Great Western Forum
469,1985-04-02,EDM,@,LAK,W,,Wayne Gretzky,24,Mark Napier,,,3,19:52,EV,EN,Great Western Forum
470,1985-03-31,EDM,@,CBH,W,,Wayne Gretzky,24,Mark Napier,Paul Coffey,Warren Skorodenski,1,3:28,EV,,Chicago Stadium
471,1985-03-29,EDM,@,HAR,L,,Wayne Gretzky,24,Paul Coffey,Dave Hunter,Steve Weeks,1,1:46,EV,,Hartford Civic Center
472,1985-03-26,EDM,@,NYI,W,,Wayne Gretzky,24,Jari Kurri,,Kelly Hrudey,2,3:48,EV,,Nassau Veterans Memorial Coliseum
473,1985-03-22,EDM,,TOR,T,OT,Wayne Gretzky,24,Mark Messier,Kevin Lowe,Tim Bernhardt,3,6:32,SH,,Northlands Coliseum
474,1985-03-13,EDM,,DET,W,,Wayne Gretzky,24,Jari Kurri,Charlie Huddy,Corrado Micalef,1,17:10,EV,,Northlands Coliseum
475,1985-03-09,EDM,,NYR,T,OT,Wayne Gretzky,24,Kevin Lowe,Randy Gregg,Glen Hanlon,2,5:26,EV,,Northlands Coliseum
476,1985-03-03,EDM,,WIN,L,,Wayne Gretzky,24,Mike Krushelnyski,Jari Kurri,Brian Hayward,3,14:39,EV,,Northlands Coliseum
477,1985-02-27,EDM,,MTL,L,,Wayne Gretzky,24,Paul Coffey,,Doug Soetaert,2,18:15,EV,,Northlands Coliseum
478,1985-02-22,EDM,,QUE,W,,Wayne Gretzky,24,Mike Krushelnyski,Paul Coffey,Mario Gosselin,2,15:58,EV,,Northlands Coliseum
479,1985-02-19,EDM,@,TOR,W,,Wayne Gretzky,24,Mark Napier,Larry Melnyk,Ken Wregget,2,14:23,EV,,Maple Leaf Gardens
480,1985-02-19,EDM,@,TOR,W,,Wayne Gretzky,24,Don Jackson,Mike Krushelnyski,Tim Bernhardt,3,1:36,EV,,Maple Leaf Gardens
481,1985-02-18,EDM,@,BUF,W,,Wayne Gretzky,24,Jari Kurri,,Tom Barrasso,1,11:23,EV,,Buffalo Memorial Auditorium
482,1985-02-18,EDM,@,BUF,W,,Wayne Gretzky,24,Mike Krushelnyski,,Tom Barrasso,2,2:43,EV,,Buffalo Memorial Auditorium
483,1985-02-15,EDM,@,NYR,L,,Wayne Gretzky,24,Paul Coffey,Mike Krushelnyski,Glen Hanlon,1,2:14,EV,,Madison Square Garden (IV)
484,1985-02-15,EDM,@,NYR,L,,Wayne Gretzky,24,Jari Kurri,Don Jackson,Glen Hanlon,2,19:48,EV,,Madison Square Garden (IV)
485,1985-02-03,EDM,,HAR,W,,Wayne Gretzky,24,Paul Coffey,,Greg Millen,2,3:15,SH,,Northlands Coliseum
486,1985-01-28,EDM,,CGY,W,,Wayne Gretzky,24,Raimo Summanen,Jari Kurri,Reggie Lemelin,1,1:57,EV,,Northlands Coliseum
487,1985-01-26,EDM,,PIT,W,,Wayne Gretzky,24,Jari Kurri,,Denis Herron,1,12:48,EV,,Northlands Coliseum
488,1985-01-26,EDM,,PIT,W,,Wayne Gretzky,24,Raimo Summanen,Charlie Huddy,Denis Herron,2,17:27,EV,,Northlands Coliseum
489,1985-01-26,EDM,,PIT,W,,Wayne Gretzky,24,Jari Kurri,,Denis Herron,2,4:25,SH,,Northlands Coliseum
490,1985-01-25,EDM,,NJD,W,,Wayne Gretzky,23,Mike Krushelnyski,Jari Kurri,Ron Low,2,14:04,EV,,Northlands Coliseum
491,1985-01-21,EDM,,LAK,W,,Wayne Gretzky,23,Pat Hughes,,Bob Janecyk,3,0:56,SH,,Northlands Coliseum
492,1985-01-19,EDM,,VAN,W,,Wayne Gretzky,23,Gord Sherven,Lee Fogolin,Richard Brodeur,2,4:26,EV,,Northlands Coliseum
493,1985-01-18,EDM,@,VAN,T,OT,Wayne Gretzky,23,Paul Coffey,Charlie Huddy,Richard Brodeur,2,15:21,EV,,Pacific Coliseum
494,1985-01-16,EDM,,NYI,T,OT,Wayne Gretzky,23,Mike Krushelnyski,Glenn Anderson,Kelly Hrudey,1,12:38,PP,,Northlands Coliseum
495,1985-01-13,EDM,@,BUF,W,,Wayne Gretzky,23,Paul Coffey,,Tom Barrasso,2,19:05,PP,,Buffalo Memorial Auditorium
496,1985-01-10,EDM,@,MTL,W,,Wayne Gretzky,23,Mike Krushelnyski,Jari Kurri,Steve Penney,2,4:42,EV,,Montreal Forum
497,1985-01-08,EDM,@,QUE,W,,Wayne Gretzky,23,Jari Kurri,,Dan Bouchard,1,1:46,EV,,Quebec Coliseum
498,1985-01-06,EDM,@,WIN,W,,Wayne Gretzky,23,Paul Coffey,,Marc Behrend,3,7:23,EV,,Winnipeg Arena
499,1984-12-30,EDM,@,VAN,T,OT,Wayne Gretzky,23,Mark Messier,,Richard Brodeur,1,12:41,EV,,Pacific Coliseum
500,1984-12-29,EDM,,DET,W,,Wayne Gretzky,23,Mark Messier,Jari Kurri,Corrado Micalef,2,9:51,PP,,Northlands Coliseum
501,1984-12-29,EDM,,DET,W,,Wayne Gretzky,23,Jari Kurri,Mark Messier,Corrado Micalef,3,1:24,PP,,Northlands Coliseum
502,1984-12-29,EDM,,DET,W,,Wayne Gretzky,23,Jari Kurri,,Corrado Micalef,2,16:30,SH,,Northlands Coliseum
503,1984-12-22,EDM,,CGY,W,,Wayne Gretzky,23,Jari Kurri,Mike Krushelnyski,Don Edwards,3,10:12,EV,,Northlands Coliseum
504,1984-12-22,EDM,,CGY,W,,Wayne Gretzky,23,Mike Krushelnyski,Jari Kurri,Don Edwards,1,3:45,PP,,Northlands Coliseum
505,1984-12-19,EDM,,LAK,W,,Wayne Gretzky,23,Mike Krushelnyski,Jari Kurri,Darren Eliot,3,18:12,EV,,Northlands Coliseum
506,1984-12-19,EDM,,LAK,W,,Wayne Gretzky,23,Pat Hughes,Paul Coffey,Darren Eliot,1,7:42,SH,,Northlands Coliseum
507,1984-12-15,EDM,@,STL,W,,Wayne Gretzky,23,Paul Coffey,Dave Hunter,Rick Wamsley,2,1:15,EV,,St. Louis Arena
508,1984-12-15,EDM,@,STL,W,,Wayne Gretzky,23,Jari Kurri,,Rick Wamsley,2,5:37,EV,,St. Louis Arena
509,1984-12-15,EDM,@,STL,W,,Wayne Gretzky,23,Jari Kurri,,Rick Wamsley,2,15:32,EV,,St. Louis Arena
510,1984-12-15,EDM,@,STL,W,,Wayne Gretzky,23,Jari Kurri,Larry Melnyk,Mike Liut,3,5:42,EV,,St. Louis Arena
511,1984-12-15,EDM,@,STL,W,,Wayne Gretzky,23,,,Rick Wamsley,1,8:23,EV,,St. Louis Arena
512,1984-12-13,EDM,@,LAK,L,,Wayne Gretzky,23,Jari Kurri,Paul Coffey,Bob Janecyk,1,18:47,EV,,Great Western Forum
513,1984-12-07,EDM,,MNS,W,,Wayne Gretzky,23,Dave Hunter,,Roland Melanson,2,7:18,SH,,Northlands Coliseum
514,1984-12-05,EDM,,NYI,W,,Wayne Gretzky,23,Glenn Anderson,Paul Coffey,Billy Smith,2,2:22,PP,,Northlands Coliseum
515,1984-11-27,EDM,@,TOR,W,,Wayne Gretzky,23,Mike Krushelnyski,Jari Kurri,Ken Wregget,1,1:11,EV,,Maple Leaf Gardens
516,1984-11-27,EDM,@,TOR,W,,Wayne Gretzky,23,Mike Krushelnyski,Jari Kurri,Ken Wregget,2,5:57,EV,,Maple Leaf Gardens
517,1984-11-27,EDM,@,TOR,W,,Wayne Gretzky,23,Charlie Huddy,Paul Coffey,Ken Wregget,2,6:51,EV,,Maple Leaf Gardens
518,1984-11-24,EDM,,STL,W,,Wayne Gretzky,23,Mike Krushelnyski,Charlie Huddy,Mike Liut,2,1:46,PP,,Northlands Coliseum
519,1984-11-24,EDM,,STL,W,,Wayne Gretzky,23,Charlie Huddy,,Mike Liut,1,12:23,PP,,Northlands Coliseum
520,1984-11-21,EDM,,WIN,W,,Wayne Gretzky,23,Mike Krushelnyski,Randy Gregg,Marc Behrend,3,1:51,EV,,Northlands Coliseum
521,1984-11-15,EDM,@,CGY,L,,Wayne Gretzky,23,,,Don Edwards,1,16:06,SH,,Olympic Saddledome
522,1984-11-11,EDM,@,PHI,L,,Wayne Gretzky,23,Glenn Anderson,,Pelle Lindbergh,2,8:43,EV,,The Spectrum
523,1984-11-11,EDM,@,PHI,L,,Wayne Gretzky,23,Mike Krushelnyski,,Pelle Lindbergh,3,7:02,EV,,The Spectrum
524,1984-11-09,EDM,@,WSH,W,,Wayne Gretzky,23,Willy Lindstrom,,Pat Riggin,3,2:29,EV,,Capital Center
525,1984-11-09,EDM,@,WSH,W,,Wayne Gretzky,23,Lee Fogolin,,,3,19:12,SH,EN,Capital Center
526,1984-11-06,EDM,@,PIT,T,OT,Wayne Gretzky,23,Jari Kurri,,Denis Herron,3,16:03,EV,,Pittsburgh Civic Arena
527,1984-11-04,EDM,@,WIN,W,,Wayne Gretzky,23,Jari Kurri,,Marc Behrend,2,7:19,EV,,Winnipeg Arena
528,1984-10-30,EDM,,VAN,W,,Wayne Gretzky,23,Jari Kurri,Paul Coffey,Richard Brodeur,2,16:00,EV,,Northlands Coliseum
529,1984-10-21,EDM,,CGY,W,,Wayne Gretzky,23,Jari Kurri,Paul Coffey,Don Edwards,2,12:28,EV,,Northlands Coliseum
530,1984-10-21,EDM,,CGY,W,,Wayne Gretzky,23,Pat Hughes,Lee Fogolin,Don Edwards,2,18:57,SH,,Northlands Coliseum
531,1984-10-19,EDM,@,WIN,W,,Wayne Gretzky,23,,,Brian Hayward,2,19:33,EV,,Winnipeg Arena
532,1984-10-19,EDM,@,WIN,W,,Wayne Gretzky,23,Jari Kurri,Charlie Huddy,,3,18:39,EV,EN,Winnipeg Arena
533,1984-10-18,EDM,@,MNS,W,,Wayne Gretzky,23,,,Don Beaupre,3,12:43,EV,,Metropolitan Sports Center
534,1984-10-18,EDM,@,MNS,W,,Wayne Gretzky,23,Paul Coffey,Charlie Huddy,Don Beaupre,1,7:11,SH,,Metropolitan Sports Center
535,1984-10-18,EDM,@,MNS,W,,Wayne Gretzky,23,Jari Kurri,,Don Beaupre,1,2:17,EV,,Metropolitan Sports Center
536,1984-10-16,EDM,,BOS,W,,Wayne Gretzky,23,,,Cleon Daskalakis,1,6:58,EV,,Northlands Coliseum
537,1984-10-16,EDM,,BOS,W,,Wayne Gretzky,23,Jari Kurri,,Cleon Daskalakis,3,12:51,EV,,Northlands Coliseum
538,1984-10-14,EDM,,QUE,W,,Wayne Gretzky,23,Charlie Huddy,Paul Coffey,Richard Sevigny,3,4:45,EV,,Northlands Coliseum
539,1984-03-27,EDM,@,CGY,W,,Wayne Gretzky,23,Jari Kurri,Raimo Summanen,Don Edwards,3,0:35,EV,,Olympic Saddledome
540,1984-03-27,EDM,@,CGY,W,,Wayne Gretzky,23,Jari Kurri,,Don Edwards,3,19:03,EV,,Olympic Saddledome
541,1984-03-25,EDM,,WIN,W,,Wayne Gretzky,23,Paul Coffey,Glenn Anderson,Doug Soetaert,1,16:56,EV,,Northlands Coliseum
542,1984-03-24,EDM,,STL,L,,Wayne Gretzky,23,Paul Coffey,Ken Linseman,Mike Liut,2,4:28,PP,,Northlands Coliseum
543,1984-03-17,EDM,,LAK,W,,Wayne Gretzky,23,Paul Coffey,Jari Kurri,Markus Mattsson,3,6:20,PP,,Northlands Coliseum
544,1984-03-13,EDM,@,QUE,W,OT,Wayne Gretzky,23,,,Dan Bouchard,1,8:44,PP,,Quebec Coliseum
545,1984-03-11,EDM,,VAN,W,,Wayne Gretzky,23,Paul Coffey,Jari Kurri,John Garrett,2,0:34,EV,,Northlands Coliseum
546,1984-03-11,EDM,,VAN,W,,Wayne Gretzky,23,Jari Kurri,,John Garrett,3,14:01,PP,,Northlands Coliseum
547,1984-03-10,EDM,,NYR,L,,Wayne Gretzky,23,Glenn Anderson,Grant Fuhr,Glen Hanlon,2,18:36,PP,,Northlands Coliseum
548,1984-03-04,EDM,,MTL,W,,Wayne Gretzky,23,Jari Kurri,,Richard Sevigny,3,3:09,EV,,Northlands Coliseum
549,1984-03-04,EDM,,MTL,W,,Wayne Gretzky,23,Paul Coffey,,Richard Sevigny,1,9:58,SH,,Northlands Coliseum
550,1984-02-27,EDM,@,WIN,W,OT,Wayne Gretzky,23,Glenn Anderson,Paul Coffey,Marc Behrend,2,8:12,PP,,Winnipeg Arena
551,1984-02-25,EDM,,TOR,W,,Wayne Gretzky,23,Jari Kurri,Rick Chartraw,Allan Bester,2,18:26,EV,,Northlands Coliseum
552,1984-02-25,EDM,,TOR,W,,Wayne Gretzky,23,Dave Hunter,Paul Coffey,Allan Bester,3,17:18,EV,,Northlands Coliseum
553,1984-02-22,EDM,@,PIT,W,,Wayne Gretzky,23,Pat Hughes,Dave Hunter,Roberto Romano,1,7:01,EV,,Pittsburgh Civic Arena
554,1984-02-22,EDM,@,PIT,W,,Wayne Gretzky,23,Pat Hughes,,Roberto Romano,2,4:23,EV,,Pittsburgh Civic Arena
555,1984-02-22,EDM,@,PIT,W,,Wayne Gretzky,23,Jari Kurri,Charlie Huddy,Roberto Romano,2,11:25,EV,,Pittsburgh Civic Arena
556,1984-02-22,EDM,@,PIT,W,,Wayne Gretzky,23,Paul Coffey,Jari Kurri,Roberto Romano,3,5:34,EV,,Pittsburgh Civic Arena
557,1984-02-21,EDM,@,STL,W,,Wayne Gretzky,23,Ken Linseman,Jari Kurri,Mike Liut,1,14:25,PP,,St. Louis Arena
558,1984-02-21,EDM,@,STL,W,,Wayne Gretzky,23,Paul Coffey,Mark Messier,Mike Liut,1,18:57,PP,,St. Louis Arena
559,1984-02-21,EDM,@,STL,W,,Wayne Gretzky,23,Dave Hunter,Pat Hughes,Mike Liut,2,12:51,EV,,St. Louis Arena
560,1984-02-21,EDM,@,STL,W,,Wayne Gretzky,23,,,Mike Liut,3,18:59,EV,,St. Louis Arena
561,1984-02-19,EDM,,PIT,W,,Wayne Gretzky,23,Glenn Anderson,Mark Messier,Roberto Romano,2,5:24,EV,,Northlands Coliseum
562,1984-02-19,EDM,,PIT,W,,Wayne Gretzky,23,,,Roberto Romano,2,6:18,EV,,Northlands Coliseum
563,1984-02-15,EDM,,WIN,W,,Wayne Gretzky,23,Jari Kurri,Jaroslav Pouzar,Doug Soetaert,3,11:32,EV,,Northlands Coliseum
564,1984-02-15,EDM,,WIN,W,,Wayne Gretzky,23,Jari Kurri,,Doug Soetaert,3,6:12,SH,,Northlands Coliseum
565,1984-01-27,EDM,,NJD,T,OT,Wayne Gretzky,23,Glenn Anderson,Grant Fuhr,Ron Low,1,16:11,EV,,Northlands Coliseum
566,1984-01-25,EDM,@,VAN,W,,Wayne Gretzky,22,Glenn Anderson,Jaroslav Pouzar,Frank Caprice,2,16:09,PP,,Pacific Coliseum
567,1984-01-25,EDM,@,VAN,W,,Wayne Gretzky,22,Glenn Anderson,,,3,19:38,EV,EN,Pacific Coliseum
568,1984-01-20,EDM,,LAK,W,,Wayne Gretzky,22,,,Marco Baron,2,18:29,EV,,Northlands Coliseum
569,1984-01-20,EDM,,LAK,W,,Wayne Gretzky,22,Paul Coffey,,Marco Baron,2,13:46,SH,,Northlands Coliseum
570,1984-01-18,EDM,,VAN,W,,Wayne Gretzky,22,Don Jackson,Grant Fuhr,Richard Brodeur,1,6:30,EV,,Northlands Coliseum
571,1984-01-18,EDM,,VAN,W,,Wayne Gretzky,22,Pat Hughes,Dave Hunter,Richard Brodeur,1,9:18,EV,,Northlands Coliseum
572,1984-01-18,EDM,,VAN,W,,Wayne Gretzky,22,Paul Coffey,,Richard Brodeur,1,17:56,EV,,Northlands Coliseum
573,1984-01-11,EDM,@,CBH,W,,Wayne Gretzky,22,,,,3,19:58,EV,EN,Chicago Stadium
574,1984-01-09,EDM,@,DET,W,,Wayne Gretzky,22,,,Greg Stefan,1,16:38,SH,,Joe Louis Arena
575,1984-01-09,EDM,@,DET,W,,Wayne Gretzky,22,,,Greg Stefan,2,13:42,EV,,Joe Louis Arena
576,1984-01-07,EDM,,HAR,W,,Wayne Gretzky,22,Mark Messier,Paul Coffey,Greg Millen,1,13:33,EV,,Northlands Coliseum
577,1984-01-07,EDM,,HAR,W,,Wayne Gretzky,22,Kevin Lowe,Lee Fogolin,Greg Millen,3,11:17,EV,,Northlands Coliseum
578,1984-01-07,EDM,,HAR,W,,Wayne Gretzky,22,Glenn Anderson,Mark Messier,,3,19:17,EV,EN,Northlands Coliseum
579,1984-01-04,EDM,,MNS,W,,Wayne Gretzky,22,Charlie Huddy,,Don Beaupre,1,7:41,EV,,Northlands Coliseum
580,1984-01-04,EDM,,MNS,W,,Wayne Gretzky,22,Charlie Huddy,Paul Coffey,Don Beaupre,1,18:58,EV,,Northlands Coliseum
581,1984-01-04,EDM,,MNS,W,,Wayne Gretzky,22,Mark Messier,Jari Kurri,Gilles Meloche,2,17:23,EV,,Northlands Coliseum
582,1984-01-04,EDM,,MNS,W,,Wayne Gretzky,22,Glenn Anderson,Mark Messier,Gilles Meloche,2,12:46,PP,,Northlands Coliseum
583,1984-01-03,EDM,@,CGY,W,,Wayne Gretzky,22,Paul Coffey,Willy Lindstrom,Don Edwards,1,9:19,EV,,Olympic Saddledome
584,1983-12-26,EDM,@,CGY,W,,Wayne Gretzky,22,,,Don Edwards,2,6:50,SH,,Olympic Saddledome
585,1983-12-23,EDM,,CGY,T,OT,Wayne Gretzky,22,Ken Linseman,Jari Kurri,Reggie Lemelin,1,7:18,EV,,Northlands Coliseum
586,1983-12-21,EDM,,WIN,W,,Wayne Gretzky,22,,,Brian Hayward,2,3:10,PP,,Northlands Coliseum
587,1983-12-21,EDM,,WIN,W,,Wayne Gretzky,22,Jari Kurri,,Brian Hayward,1,19:48,SH,,Northlands Coliseum
588,1983-12-21,EDM,,WIN,W,,Wayne Gretzky,22,Mark Messier,Paul Coffey,,3,19:41,SH,EN,Northlands Coliseum
589,1983-12-18,EDM,@,WIN,W,,Wayne Gretzky,22,,,Brian Hayward,2,4:12,EV,,Winnipeg Arena
590,1983-12-18,EDM,@,WIN,W,,Wayne Gretzky,22,Paul Coffey,,Brian Hayward,1,10:21,PP,,Winnipeg Arena
591,1983-12-17,EDM,,QUE,W,,Wayne Gretzky,22,Paul Coffey,Willy Lindstrom,Dan Bouchard,3,11:19,EV,,Northlands Coliseum
592,1983-12-14,EDM,@,NYR,W,,Wayne Gretzky,22,Willy Lindstrom,Jari Kurri,Glen Hanlon,1,0:08,EV,,Madison Square Garden (IV)
593,1983-12-14,EDM,@,NYR,W,,Wayne Gretzky,22,Jari Kurri,Paul Coffey,Glen Hanlon,3,4:40,EV,,Madison Square Garden (IV)
594,1983-12-14,EDM,@,NYR,W,,Wayne Gretzky,22,Jari Kurri,Charlie Huddy,Glen Hanlon,3,10:19,PP,,Madison Square Garden (IV)
595,1983-12-13,EDM,@,NYI,L,,Wayne Gretzky,22,Willy Lindstrom,Paul Coffey,Billy Smith,3,18:07,PP,,Nassau Veterans Memorial Coliseum
596,1983-11-30,EDM,,PHI,T,OT,Wayne Gretzky,22,Jari Kurri,Grant Fuhr,Bob Froese,2,16:51,EV,,Northlands Coliseum
597,1983-11-25,EDM,@,MNS,T,OT,Wayne Gretzky,22,Kevin Lowe,Jari Kurri,Gilles Meloche,1,11:55,EV,,Metropolitan Sports Center
598,1983-11-21,EDM,,WIN,W,,Wayne Gretzky,22,Paul Coffey,Jari Kurri,Brian Hayward,2,13:32,PP,,Northlands Coliseum
599,1983-11-19,EDM,,NJD,W,,Wayne Gretzky,22,Kevin Lowe,Pat Hughes,Ron Low,1,5:43,EV,,Northlands Coliseum
600,1983-11-19,EDM,,NJD,W,,Wayne Gretzky,22,Jari Kurri,Todd Strueby,Ron Low,2,12:52,EV,,Northlands Coliseum
601,1983-11-19,EDM,,NJD,W,,Wayne Gretzky,22,Glenn Anderson,,Glenn Resch,3,18:05,SH,,Northlands Coliseum
602,1983-11-12,EDM,@,DET,W,,Wayne Gretzky,22,,,Greg Stefan,1,7:25,EV,,Joe Louis Arena
603,1983-11-12,EDM,@,DET,W,,Wayne Gretzky,22,Randy Gregg,,Greg Stefan,1,9:59,EV,,Joe Louis Arena
604,1983-11-12,EDM,@,DET,W,,Wayne Gretzky,22,Jari Kurri,,Greg Stefan,3,19:16,EV,,Joe Louis Arena
605,1983-11-09,EDM,@,WSH,W,,Wayne Gretzky,22,Mark Messier,,Al Jensen,1,11:27,SH,,Capital Center
606,1983-11-08,EDM,@,QUE,W,,Wayne Gretzky,22,Jari Kurri,Charlie Huddy,Clint Malarchuk,2,13:50,EV,,Quebec Coliseum
607,1983-11-06,EDM,@,WIN,W,,Wayne Gretzky,22,Jari Kurri,Jaroslav Pouzar,Doug Soetaert,2,16:29,EV,,Winnipeg Arena
608,1983-11-06,EDM,@,WIN,W,,Wayne Gretzky,22,Jari Kurri,Grant Fuhr,Doug Soetaert,3,12:39,EV,,Winnipeg Arena
609,1983-11-06,EDM,@,WIN,W,,Wayne Gretzky,22,Randy Gregg,Grant Fuhr,,3,19:53,EV,EN,Winnipeg Arena
610,1983-11-06,EDM,@,WIN,W,,Wayne Gretzky,22,Jari Kurri,,Doug Soetaert,2,11:40,SH,,Winnipeg Arena
611,1983-11-02,EDM,,WSH,W,,Wayne Gretzky,22,,,Al Jensen,1,8:31,EV,,Northlands Coliseum
612,1983-11-02,EDM,,WSH,W,,Wayne Gretzky,22,Mark Messier,Jari Kurri,Al Jensen,1,19:49,PP,,Northlands Coliseum
613,1983-10-30,EDM,@,NYR,W,OT,Wayne Gretzky,22,Charlie Huddy,Paul Coffey,Steve Weeks,2,15:26,EV,,Madison Square Garden (IV)
614,1983-10-26,EDM,@,TOR,L,,Wayne Gretzky,22,Mark Messier,Jari Kurri,Rick St. Croix,2,2:43,PP,,Maple Leaf Gardens
615,1983-10-20,EDM,@,LAK,L,,Wayne Gretzky,22,Paul Coffey,,Mike Blake,3,5:32,PP,,Great Western Forum
616,1983-10-19,EDM,@,VAN,W,,Wayne Gretzky,22,Mark Messier,Paul Coffey,Richard Brodeur,3,5:51,EV,,Pacific Coliseum
617,1983-10-19,EDM,@,VAN,W,,Wayne Gretzky,22,,,,3,18:55,EV,EN,Pacific Coliseum
618,1983-10-16,EDM,,CGY,W,,Wayne Gretzky,22,Glenn Anderson,Jari Kurri,Don Edwards,3,19:07,EV,,Northlands Coliseum
619,1983-10-15,EDM,@,CGY,W,,Wayne Gretzky,22,Paul Coffey,Jari Kurri,Reggie Lemelin,2,1:06,PP,,Olympic Saddledome
620,1983-10-12,EDM,,DET,W,,Wayne Gretzky,22,Dave Hunter,Randy Gregg,Eddie Mio,1,10:06,EV,,Northlands Coliseum
621,1983-10-12,EDM,,DET,W,,Wayne Gretzky,22,Glenn Anderson,Mark Messier,Eddie Mio,2,0:27,PP,,Northlands Coliseum
622,1983-10-09,EDM,,MNS,W,OT,Wayne Gretzky,22,Dave Lumley,Randy Gregg,Gilles Meloche,1,19:59,EV,,Northlands Coliseum
623,1983-10-07,EDM,@,WIN,W,,Wayne Gretzky,22,Jari Kurri,Lee Fogolin,Brian Hayward,2,15:47,EV,,Winnipeg Arena
624,1983-10-07,EDM,@,WIN,W,,Wayne Gretzky,22,Lee Fogolin,Jari Kurri,Brian Hayward,2,9:56,SH,,Winnipeg Arena
625,1983-10-05,EDM,,TOR,W,,Wayne Gretzky,22,Lee Fogolin,,Rick St. Croix,3,2:33,SH,,Northlands Coliseum
626,1983-04-03,EDM,,CGY,T,,Wayne Gretzky,22,Kevin Lowe,,Don Edwards,2,16:29,EV,,Northlands Coliseum
627,1983-04-01,EDM,,WIN,W,,Wayne Gretzky,22,Jari Kurri,Charlie Huddy,Doug Soetaert,1,13:49,EV,,Northlands Coliseum
628,1983-03-29,EDM,@,VAN,W,,Wayne Gretzky,22,Glenn Anderson,Jari Kurri,Richard Brodeur,3,3:18,EV,,Pacific Coliseum
629,1983-03-26,EDM,@,LAK,W,,Wayne Gretzky,22,Paul Coffey,,Gary Laskoski,2,2:21,PP,,Great Western Forum
630,1983-03-26,EDM,@,LAK,W,,Wayne Gretzky,22,Glenn Anderson,Jari Kurri,Gary Laskoski,3,18:04,PP,,Great Western Forum
631,1983-03-21,EDM,@,TOR,W,,Wayne Gretzky,22,Paul Coffey,Charlie Huddy,Mike Palmateer,2,3:14,PP,,Maple Leaf Gardens
632,1983-03-19,EDM,,DET,W,,Wayne Gretzky,22,Glenn Anderson,Charlie Huddy,Gilles Gilbert,1,12:04,PP,,Northlands Coliseum
633,1983-03-16,EDM,,VAN,W,,Wayne Gretzky,22,Paul Coffey,Willy Lindstrom,John Garrett,3,16:00,EV,,Northlands Coliseum
634,1983-03-13,EDM,,BUF,W,,Wayne Gretzky,22,Jari Kurri,Willy Lindstrom,Bob Sauve,3,3:24,EV,,Northlands Coliseum
635,1983-03-08,EDM,@,HAR,W,,Wayne Gretzky,22,Charlie Huddy,,Mike Veisor,1,16:30,EV,,Hartford Civic Center
636,1983-03-08,EDM,@,HAR,W,,Wayne Gretzky,22,Don Jackson,Jari Kurri,Mike Veisor,2,8:29,EV,,Hartford Civic Center
637,1983-03-08,EDM,@,HAR,W,,Wayne Gretzky,22,Glenn Anderson,,Mike Veisor,3,2:29,EV,,Hartford Civic Center
638,1983-03-06,EDM,@,BOS,L,,Wayne Gretzky,22,Kevin Lowe,Jari Kurri,Marco Baron,1,14:15,EV,,Boston Garden
639,1983-03-05,EDM,@,TOR,W,,Wayne Gretzky,22,Charlie Huddy,,Mike Palmateer,1,2:29,EV,,Maple Leaf Gardens
640,1983-03-05,EDM,@,TOR,W,,Wayne Gretzky,22,,,Mike Palmateer,2,13:56,EV,,Maple Leaf Gardens
641,1983-03-02,EDM,@,WSH,W,,Wayne Gretzky,22,Paul Coffey,Jari Kurri,,3,19:29,EV,EN,Capital Center
642,1983-03-01,EDM,@,NJD,W,,Wayne Gretzky,22,,,Glenn Resch,2,16:25,SH,,Brendan Byrne Arena
643,1983-02-25,EDM,,STL,T,,Wayne Gretzky,22,Paul Coffey,Garry Lariviere,Rick Heinz,3,8:26,EV,,Northlands Coliseum
644,1983-02-23,EDM,,WSH,W,,Wayne Gretzky,22,Kevin Lowe,Jaroslav Pouzar,Al Jensen,1,7:03,PP,,Northlands Coliseum
645,1983-02-23,EDM,,WSH,W,,Wayne Gretzky,22,Randy Gregg,Jari Kurri,Al Jensen,3,1:26,SH,,Northlands Coliseum
646,1983-02-22,EDM,@,CGY,L,,Wayne Gretzky,22,Jari Kurri,Charlie Huddy,Don Edwards,3,16:05,EV,,Stampede Corral
647,1983-02-19,EDM,@,PIT,W,,Wayne Gretzky,22,Kevin Lowe,,Denis Herron,2,10:48,EV,,Pittsburgh Civic Arena
648,1983-02-19,EDM,@,PIT,W,,Wayne Gretzky,22,Lee Fogolin,Kevin Lowe,Nick Ricci,3,14:41,EV,,Pittsburgh Civic Arena
649,1983-02-14,EDM,@,MTL,L,,Wayne Gretzky,22,Glenn Anderson,Ken Linseman,Rick Wamsley,2,9:33,PP,,Montreal Forum
650,1983-02-14,EDM,@,MTL,L,,Wayne Gretzky,22,Ken Linseman,Mark Messier,Rick Wamsley,2,16:56,PP,,Montreal Forum
651,1983-02-11,EDM,,QUE,W,,Wayne Gretzky,22,Paul Coffey,,Clint Malarchuk,3,17:23,EV,,Northlands Coliseum
652,1983-02-04,EDM,,MTL,W,,Wayne Gretzky,22,Tom Roulston,Andy Moog,Rick Wamsley,2,5:30,EV,,Northlands Coliseum
653,1983-01-26,EDM,,TOR,T,,Wayne Gretzky,22,Jari Kurri,Mark Messier,Rick St. Croix,1,4:12,EV,,Northlands Coliseum
654,1983-01-26,EDM,,TOR,T,,Wayne Gretzky,22,Glenn Anderson,Mark Messier,Rick St. Croix,1,12:33,PP,,Northlands Coliseum
655,1983-01-23,EDM,,LAK,W,,Wayne Gretzky,21,Jari Kurri,Mark Messier,Mario Lessard,3,5:16,EV,,Northlands Coliseum
656,1983-01-22,EDM,@,VAN,L,,Wayne Gretzky,21,Paul Coffey,,Richard Brodeur,3,19:48,EV,,Pacific Coliseum
657,1983-01-19,EDM,,VAN,W,,Wayne Gretzky,21,,,Richard Brodeur,3,10:52,EV,,Northlands Coliseum
658,1983-01-18,EDM,@,LAK,T,,Wayne Gretzky,21,Paul Coffey,,Doug Keans,2,0:21,PP,,Great Western Forum
659,1983-01-15,EDM,@,MNS,W,,Wayne Gretzky,21,,,Gilles Meloche,3,6:36,EV,,Metropolitan Sports Center
660,1983-01-12,EDM,@,CBH,W,,Wayne Gretzky,21,Pat Hughes,,Murray Bannerman,2,3:41,EV,,Chicago Stadium
661,1983-01-12,EDM,@,CBH,W,,Wayne Gretzky,21,Paul Coffey,Jari Kurri,Murray Bannerman,3,0:32,PP,,Chicago Stadium
662,1983-01-07,EDM,,PIT,W,,Wayne Gretzky,21,Jari Kurri,Kevin Lowe,Denis Herron,2,19:19,EV,,Northlands Coliseum
663,1983-01-07,EDM,,PIT,W,,Wayne Gretzky,21,Jari Kurri,Jaroslav Pouzar,Denis Herron,1,12:27,EV,,Northlands Coliseum
664,1983-01-05,EDM,@,WIN,W,,Wayne Gretzky,21,Jari Kurri,Paul Coffey,Ed Staniowski,1,11:37,EV,,Winnipeg Arena
665,1983-01-05,EDM,@,WIN,W,,Wayne Gretzky,21,Jari Kurri,Paul Coffey,Ed Staniowski,3,15:08,SH,,Winnipeg Arena
666,1983-01-04,EDM,@,CGY,W,,Wayne Gretzky,21,Randy Gregg,,Don Edwards,1,17:41,EV,,Stampede Corral
667,1982-12-31,EDM,@,VAN,W,,Wayne Gretzky,21,Jari Kurri,Paul Coffey,Richard Brodeur,2,17:38,EV,,Pacific Coliseum
668,1982-12-31,EDM,@,VAN,W,,Wayne Gretzky,21,Paul Coffey,Charlie Huddy,Richard Brodeur,2,12:04,PP,,Pacific Coliseum
669,1982-12-23,EDM,@,LAK,W,,Wayne Gretzky,21,Jari Kurri,Ken Linseman,Mario Lessard,2,18:29,EV,,Great Western Forum
670,1982-12-22,EDM,,MNS,W,,Wayne Gretzky,21,Charlie Huddy,,Don Beaupre,2,2:27,EV,,Northlands Coliseum
671,1982-12-17,EDM,,NJD,W,,Wayne Gretzky,21,Glenn Anderson,Mark Messier,Glenn Resch,2,11:26,PP,,Northlands Coliseum
672,1982-12-11,EDM,@,MNS,L,,Wayne Gretzky,21,,,Don Beaupre,1,16:34,SH,,Metropolitan Sports Center
673,1982-12-07,EDM,,STL,W,,Wayne Gretzky,21,Randy Gregg,Ken Linseman,Mike Liut,3,9:10,EV,,Northlands Coliseum
674,1982-12-07,EDM,,STL,W,,Wayne Gretzky,21,Paul Coffey,Glenn Anderson,Mike Liut,2,6:23,PP,,Northlands Coliseum
675,1982-12-05,EDM,,LAK,W,,Wayne Gretzky,21,Charlie Huddy,,Gary Laskoski,2,7:35,EV,,Northlands Coliseum
676,1982-12-04,EDM,,CGY,W,,Wayne Gretzky,21,Jari Kurri,,Reggie Lemelin,3,0:33,EV,,Northlands Coliseum
677,1982-11-26,EDM,@,WIN,W,,Wayne Gretzky,21,Jari Kurri,Randy Gregg,Ed Staniowski,1,17:42,EV,,Winnipeg Arena
678,1982-11-26,EDM,@,WIN,W,,Wayne Gretzky,21,Jari Kurri,Jaroslav Pouzar,Ed Staniowski,3,7:01,EV,,Winnipeg Arena
679,1982-11-24,EDM,,WSH,T,,Wayne Gretzky,21,Dave Lumley,,Pat Riggin,2,0:40,EV,,Northlands Coliseum
680,1982-11-21,EDM,,QUE,L,,Wayne Gretzky,21,,,Clint Malarchuk,1,14:44,EV,,Northlands Coliseum
681,1982-11-21,EDM,,QUE,L,,Wayne Gretzky,21,Charlie Huddy,Kevin Lowe,Clint Malarchuk,2,4:24,EV,,Northlands Coliseum
682,1982-11-21,EDM,,QUE,L,,Wayne Gretzky,21,Jari Kurri,Pat Hughes,Clint Malarchuk,2,12:25,PP,,Northlands Coliseum
683,1982-11-14,EDM,@,NYR,W,,Wayne Gretzky,21,Charlie Huddy,Jaroslav Pouzar,Steve Weeks,2,1:15,EV,,Madison Square Garden (IV)
684,1982-11-14,EDM,@,NYR,W,,Wayne Gretzky,21,Mark Messier,Paul Coffey,Steve Weeks,2,13:23,PP,,Madison Square Garden (IV)
685,1982-11-13,EDM,@,PHI,W,,Wayne Gretzky,21,Jaroslav Pouzar,Paul Coffey,Pelle Lindbergh,2,4:18,EV,,The Spectrum
686,1982-11-11,EDM,@,NJD,W,,Wayne Gretzky,21,Ken Linseman,Mark Messier,Glenn Resch,2,15:17,PP,,Brendan Byrne Arena
687,1982-11-05,EDM,,NYR,W,,Wayne Gretzky,21,Jari Kurri,Kevin Lowe,Eddie Mio,3,10:16,EV,,Northlands Coliseum
688,1982-11-03,EDM,,WIN,W,,Wayne Gretzky,21,Glenn Anderson,Dave Hunter,Doug Soetaert,3,7:20,EV,,Northlands Coliseum
689,1982-10-31,EDM,,VAN,L,,Wayne Gretzky,21,Jari Kurri,Mark Messier,Richard Brodeur,1,14:20,EV,,Northlands Coliseum
690,1982-10-29,EDM,,LAK,W,,Wayne Gretzky,21,Laurie Boschman,Paul Coffey,Mike Blake,3,17:34,SH,,Northlands Coliseum
691,1982-10-17,EDM,@,BUF,L,,Wayne Gretzky,21,Tom Roulston,Charlie Huddy,Bob Sauve,2,10:59,EV,,Buffalo Memorial Auditorium
692,1982-10-14,EDM,@,HAR,T,,Wayne Gretzky,21,Charlie Huddy,,Greg Millen,2,4:27,EV,,Hartford Civic Center
693,1982-10-12,EDM,@,CGY,L,,Wayne Gretzky,21,Jari Kurri,Randy Gregg,Don Edwards,1,11:35,PP,,Stampede Corral
694,1982-10-09,EDM,@,VAN,W,,Wayne Gretzky,21,Andy Moog,,,3,19:32,SH,EN,Pacific Coliseum
695,1982-10-09,EDM,@,VAN,W,,Wayne Gretzky,21,Jaroslav Pouzar,Kevin Lowe,Richard Brodeur,2,12:09,EV,,Pacific Coliseum
696,1982-10-08,EDM,,NYI,L,,Wayne Gretzky,21,Paul Coffey,Jari Kurri,Billy Smith,1,14:27,PP,,Northlands Coliseum
697,1982-03-28,EDM,@,LAK,W,,Wayne Gretzky,21,Glenn Anderson,,Mike Blake,3,1:50,EV,,Great Western Forum
698,1982-03-26,EDM,@,CLR,T,,Wayne Gretzky,21,Pat Hughes,Lee Fogolin,Glenn Resch,2,17:56,EV,,McNichols Sports Arena
699,1982-03-25,EDM,@,CGY,W,,Wayne Gretzky,21,Dave Lumley,,Reggie Lemelin,2,8:10,SH,,Stampede Corral
700,1982-03-25,EDM,@,CGY,W,,Wayne Gretzky,21,Charlie Huddy,,Reggie Lemelin,2,8:37,SH,,Stampede Corral
701,1982-03-19,EDM,,CGY,T,,Wayne Gretzky,21,Glenn Anderson,,Reggie Lemelin,3,13:04,EV,,Northlands Coliseum
702,1982-03-17,EDM,,PIT,W,,Wayne Gretzky,21,Matti Hagman,Mark Messier,Michel Dion,1,12:16,PP,,Northlands Coliseum
703,1982-03-17,EDM,,PIT,W,,Wayne Gretzky,21,Jari Kurri,Risto Siltanen,Michel Dion,2,13:52,EV,,Northlands Coliseum
704,1982-03-17,EDM,,PIT,W,,Wayne Gretzky,21,Paul Coffey,,Michel Dion,3,11:33,EV,,Northlands Coliseum
705,1982-03-15,EDM,,LAK,T,,Wayne Gretzky,21,Jari Kurri,Charlie Huddy,Mario Lessard,2,15:55,EV,,Northlands Coliseum
706,1982-03-15,EDM,,LAK,T,,Wayne Gretzky,21,Jari Kurri,Paul Coffey,Mario Lessard,2,17:54,SH,,Northlands Coliseum
707,1982-02-28,EDM,@,WSH,W,,Wayne Gretzky,21,Dave Lumley,,Dave Parro,2,7:18,EV,,Capital Center
708,1982-02-28,EDM,@,WSH,W,,Wayne Gretzky,21,Jari Kurri,,,3,19:20,EV,EN,Capital Center
709,1982-02-27,EDM,@,PIT,W,,Wayne Gretzky,21,Jari Kurri,Kevin Lowe,,3,19:05,EV,EN,Pittsburgh Civic Arena
710,1982-02-24,EDM,@,BUF,W,,Wayne Gretzky,21,Risto Siltanen,Pat Hughes,Don Edwards,3,19:43,PP,,Buffalo Memorial Auditorium
711,1982-02-24,EDM,@,BUF,W,,Wayne Gretzky,21,,,Don Edwards,3,13:24,EV,,Buffalo Memorial Auditorium
712,1982-02-24,EDM,@,BUF,W,,Wayne Gretzky,21,Mark Messier,Jari Kurri,Don Edwards,3,18:16,EV,,Buffalo Memorial Auditorium
713,1982-02-21,EDM,@,DET,W,,Wayne Gretzky,21,Glenn Anderson,Risto Siltanen,Bob Sauve,3,16:34,EV,,Joe Louis Arena
714,1982-02-19,EDM,,HAR,W,,Wayne Gretzky,21,Jari Kurri,Charlie Huddy,Greg Millen,2,11:28,EV,,Northlands Coliseum
715,1982-02-19,EDM,,HAR,W,,Wayne Gretzky,21,Mark Messier,,Greg Millen,3,9:56,EV,,Northlands Coliseum
716,1982-02-19,EDM,,HAR,W,,Wayne Gretzky,21,Jari Kurri,Risto Siltanen,Greg Millen,1,18:36,PP,,Northlands Coliseum
717,1982-02-17,EDM,,MNS,W,,Wayne Gretzky,21,Risto Siltanen,,Don Beaupre,2,6:48,EV,,Northlands Coliseum
718,1982-02-17,EDM,,MNS,W,,Wayne Gretzky,21,Glenn Anderson,Jari Kurri,Don Beaupre,3,4:45,EV,,Northlands Coliseum
719,1982-02-12,EDM,,WSH,W,,Wayne Gretzky,21,Jari Kurri,,Dave Parro,2,9:02,EV,,Northlands Coliseum
720,1982-02-07,EDM,,NYR,W,,Wayne Gretzky,21,Paul Coffey,Jari Kurri,Eddie Mio,3,11:20,EV,,Northlands Coliseum
721,1982-02-03,EDM,,MTL,L,,Wayne Gretzky,21,Paul Coffey,Jari Kurri,Rick Wamsley,2,19:16,EV,,Northlands Coliseum
722,1982-01-31,EDM,,PHI,W,,Wayne Gretzky,21,Paul Coffey,Glenn Anderson,Rick St. Croix,1,12:58,EV,,Northlands Coliseum
723,1982-01-31,EDM,,PHI,W,,Wayne Gretzky,21,Paul Coffey,,Rick St. Croix,2,7:55,EV,,Northlands Coliseum
724,1982-01-31,EDM,,PHI,W,,Wayne Gretzky,21,Matti Hagman,Paul Coffey,Rick St. Croix,3,5:31,EV,,Northlands Coliseum
725,1982-01-29,EDM,,BUF,W,,Wayne Gretzky,21,Dave Lumley,Glenn Anderson,Don Edwards,3,8:51,EV,,Northlands Coliseum
726,1982-01-27,EDM,@,CBH,T,,Wayne Gretzky,21,Pat Hughes,Paul Coffey,Tony Esposito,3,11:39,PP,,Chicago Stadium
727,1982-01-26,EDM,@,STL,W,,Wayne Gretzky,21,Paul Coffey,Dave Lumley,Gary Edwards,3,9:49,PP,,The Checkerdome
728,1982-01-22,EDM,@,VAN,W,,Wayne Gretzky,20,Glenn Anderson,Jari Kurri,Richard Brodeur,3,13:32,EV,,Pacific Coliseum
729,1982-01-20,EDM,,STL,W,,Wayne Gretzky,20,Glenn Anderson,Garry Lariviere,Gary Edwards,1,9:04,EV,,Northlands Coliseum
730,1982-01-20,EDM,,STL,W,,Wayne Gretzky,20,Charlie Huddy,,Gary Edwards,3,15:30,EV,,Northlands Coliseum
731,1982-01-20,EDM,,STL,W,,Wayne Gretzky,20,Charlie Huddy,Paul Coffey,Gary Edwards,2,18:59,PP,,Northlands Coliseum
732,1982-01-16,EDM,@,TOR,L,,Wayne Gretzky,20,Glenn Anderson,Paul Coffey,Michel Larocque,2,12:34,EV,,Maple Leaf Gardens
733,1982-01-14,EDM,@,PHI,L,,Wayne Gretzky,20,Stan Weir,,Pete Peeters,3,17:12,EV,,The Spectrum
734,1982-01-13,EDM,@,WSH,T,,Wayne Gretzky,20,Dave Lumley,Garry Lariviere,Dave Parro,1,1:58,EV,,Capital Center
735,1982-01-09,EDM,,CGY,W,,Wayne Gretzky,20,Jari Kurri,Charlie Huddy,Pat Riggin,1,7:38,SH,,Northlands Coliseum
736,1982-01-06,EDM,,CLR,W,,Wayne Gretzky,20,Kevin Lowe,,Phil Myre,1,8:24,EV,,Northlands Coliseum
737,1982-01-06,EDM,,CLR,W,,Wayne Gretzky,20,Paul Coffey,,Phil Myre,3,15:41,EV,,Northlands Coliseum
738,1982-01-02,EDM,,BOS,T,,Wayne Gretzky,20,Mark Messier,,Marco Baron,2,4:07,EV,,Northlands Coliseum
739,1981-12-30,EDM,,PHI,W,,Wayne Gretzky,20,Dave Lumley,,Pete Peeters,2,3:54,EV,,Northlands Coliseum
740,1981-12-30,EDM,,PHI,W,,Wayne Gretzky,20,Paul Coffey,,Pete Peeters,3,5:13,EV,,Northlands Coliseum
741,1981-12-30,EDM,,PHI,W,,Wayne Gretzky,20,Glenn Anderson,Grant Fuhr,,3,19:57,EV,EN,Northlands Coliseum
742,1981-12-30,EDM,,PHI,W,,Wayne Gretzky,20,Paul Coffey,Glenn Anderson,Pete Peeters,1,7:47,PP,,Northlands Coliseum
743,1981-12-30,EDM,,PHI,W,,Wayne Gretzky,20,Dave Lumley,Dave Semenko,Pete Peeters,1,10:12,EV,,Northlands Coliseum
744,1981-12-27,EDM,,LAK,W,,Wayne Gretzky,20,Doug Hicks,Mark Messier,Mario Lessard,1,1:39,EV,,Northlands Coliseum
745,1981-12-27,EDM,,LAK,W,,Wayne Gretzky,20,Glenn Anderson,Brett Callighen,Mario Lessard,1,19:43,EV,,Northlands Coliseum
746,1981-12-27,EDM,,LAK,W,,Wayne Gretzky,20,Paul Coffey,Jari Kurri,Mario Lessard,2,15:11,SH,,Northlands Coliseum
747,1981-12-27,EDM,,LAK,W,,Wayne Gretzky,20,,,Mario Lessard,3,7:26,SH,,Northlands Coliseum
748,1981-12-23,EDM,,VAN,W,,Wayne Gretzky,20,Dave Lumley,,Glen Hanlon,3,18:46,EV,,Northlands Coliseum
749,1981-12-20,EDM,,CGY,L,,Wayne Gretzky,20,Brett Callighen,Pat Hughes,Reggie Lemelin,2,15:19,EV,,Northlands Coliseum
750,1981-12-20,EDM,,CGY,L,,Wayne Gretzky,20,Risto Siltanen,Doug Hicks,Reggie Lemelin,2,10:25,PP,,Northlands Coliseum
751,1981-12-19,EDM,,MNS,W,,Wayne Gretzky,20,Doug Hicks,,Gilles Meloche,1,6:58,EV,,Northlands Coliseum
752,1981-12-19,EDM,,MNS,W,,Wayne Gretzky,20,Jari Kurri,Dave Lumley,Gilles Meloche,1,14:31,EV,,Northlands Coliseum
753,1981-12-19,EDM,,MNS,W,,Wayne Gretzky,20,Stan Weir,Dave Lumley,Gilles Meloche,3,8:35,EV,,Northlands Coliseum
754,1981-12-17,EDM,@,CGY,W,,Wayne Gretzky,20,Mark Messier,Garry Lariviere,Pat Riggin,3,14:41,EV,,Stampede Corral
755,1981-12-16,EDM,@,CLR,W,,Wayne Gretzky,20,Dave Semenko,Dave Lumley,Glenn Resch,1,0:59,PP,,McNichols Sports Arena
756,1981-12-13,EDM,,NYI,W,,Wayne Gretzky,20,Dave Lumley,Lee Fogolin,Billy Smith,3,18:58,EV,,Northlands Coliseum
757,1981-12-09,EDM,@,LAK,T,,Wayne Gretzky,20,Kevin Lowe,Paul Coffey,Doug Keans,2,8:06,PP,,Great Western Forum
758,1981-11-29,EDM,@,WIN,W,,Wayne Gretzky,20,Dave Lumley,Paul Coffey,Ed Staniowski,1,9:44,EV,,Winnipeg Arena
759,1981-11-27,EDM,,CBH,W,,Wayne Gretzky,20,Dave Lumley,Doug Hicks,Murray Bannerman,3,0:29,EV,,Northlands Coliseum
760,1981-11-27,EDM,,CBH,W,,Wayne Gretzky,20,Risto Siltanen,Dave Semenko,Murray Bannerman,3,15:00,EV,,Northlands Coliseum
761,1981-11-25,EDM,,LAK,W,,Wayne Gretzky,20,Dave Lumley,Dave Hunter,Jim Rutherford,1,5:06,EV,,Northlands Coliseum
762,1981-11-25,EDM,,LAK,W,,Wayne Gretzky,20,Doug Hicks,,Jim Rutherford,3,1:30,EV,,Northlands Coliseum
763,1981-11-25,EDM,,LAK,W,,Wayne Gretzky,20,Glenn Anderson,,Jim Rutherford,1,11:08,PP,,Northlands Coliseum
764,1981-11-25,EDM,,LAK,W,,Wayne Gretzky,20,Doug Hicks,Risto Siltanen,Jim Rutherford,2,5:18,PP,,Northlands Coliseum
765,1981-11-23,EDM,,DET,W,,Wayne Gretzky,20,Jari Kurri,,Gilles Gilbert,2,6:05,EV,,Northlands Coliseum
766,1981-11-21,EDM,,VAN,W,,Wayne Gretzky,20,Dave Lumley,Dave Semenko,Richard Brodeur,3,15:27,PP,,Northlands Coliseum
767,1981-11-21,EDM,,VAN,W,,Wayne Gretzky,20,Kevin Lowe,Dave Lumley,Richard Brodeur,2,5:57,PP,,Northlands Coliseum
768,1981-11-17,EDM,@,STL,W,,Wayne Gretzky,20,,,Mike Liut,3,12:50,EV,,The Checkerdome
769,1981-11-17,EDM,@,STL,W,,Wayne Gretzky,20,Mark Messier,Glenn Anderson,Mike Liut,3,15:49,EV,,The Checkerdome
770,1981-11-15,EDM,@,NYR,W,,Wayne Gretzky,20,,,Steve Weeks,1,14:42,EV,,Madison Square Garden (IV)
771,1981-11-14,EDM,@,NYI,T,,Wayne Gretzky,20,Brett Callighen,Garry Unger,Roland Melanson,3,19:21,EV,,Nassau Veterans Memorial Coliseum
772,1981-11-11,EDM,@,HAR,T,,Wayne Gretzky,20,Jari Kurri,Brett Callighen,Greg Millen,2,2:09,EV,,Hartford Civic Center
773,1981-11-11,EDM,@,HAR,T,,Wayne Gretzky,20,Lee Fogolin,,Greg Millen,3,15:20,EV,,Hartford Civic Center
774,1981-11-04,EDM,,TOR,W,,Wayne Gretzky,20,,,,3,19:56,EV,EN,Northlands Coliseum
775,1981-11-04,EDM,,TOR,W,,Wayne Gretzky,20,Jari Kurri,Garry Lariviere,Michel Larocque,1,6:00,EV,,Northlands Coliseum
776,1981-10-31,EDM,,QUE,W,,Wayne Gretzky,20,Jari Kurri,Paul Coffey,Dan Bouchard,2,4:09,EV,,Northlands Coliseum
777,1981-10-31,EDM,,QUE,W,,Wayne Gretzky,20,Garry Lariviere,,Michel Plasse,3,1:54,EV,,Northlands Coliseum
778,1981-10-31,EDM,,QUE,W,,Wayne Gretzky,20,Garry Unger,Doug Hicks,Michel Plasse,3,16:06,EV,,Northlands Coliseum
779,1981-10-31,EDM,,QUE,W,,Wayne Gretzky,20,Lee Fogolin,Brett Callighen,Michel Plasse,3,17:29,EV,,Northlands Coliseum
780,1981-10-28,EDM,@,NYR,W,,Wayne Gretzky,20,Risto Siltanen,Paul Coffey,Steve Baker,2,19:04,PP,,Madison Square Garden (IV)
781,1981-10-28,EDM,@,NYR,W,,Wayne Gretzky,20,Paul Coffey,Risto Siltanen,Steve Baker,2,19:46,PP,,Madison Square Garden (IV)
782,1981-10-24,EDM,@,CLR,W,,Wayne Gretzky,20,Paul Coffey,Jari Kurri,Glenn Resch,2,14:34,PP,,McNichols Sports Arena
783,1981-10-23,EDM,,PIT,W,,Wayne Gretzky,20,Brett Callighen,Lee Fogolin,Paul Harrison,1,8:25,EV,,Northlands Coliseum
784,1981-10-20,EDM,@,CGY,W,,Wayne Gretzky,20,Paul Coffey,Jari Kurri,Pat Riggin,2,11:28,EV,,Stampede Corral
785,1981-10-18,EDM,@,CBH,L,,Wayne Gretzky,20,Glenn Anderson,Paul Coffey,Tony Esposito,1,1:36,EV,,Chicago Stadium
786,1981-10-16,EDM,,CGY,W,,Wayne Gretzky,20,Glenn Anderson,Brett Callighen,Pat Riggin,2,6:21,EV,,Northlands Coliseum
787,1981-10-14,EDM,,WIN,L,,Wayne Gretzky,20,Paul Coffey,,Ed Staniowski,1,10:55,EV,,Northlands Coliseum
788,1981-10-10,EDM,@,LAK,W,,Wayne Gretzky,20,Glenn Anderson,Risto Siltanen,Mario Lessard,3,1:12,PP,,Great Western Forum
789,1981-04-04,EDM,,WIN,W,,Wayne Gretzky,20,Brett Callighen,Gary Edwards,Markus Mattsson,3,5:44,EV,,Northlands Coliseum
790,1981-04-03,EDM,@,VAN,W,,Wayne Gretzky,20,Jari Kurri,,Richard Brodeur,2,5:11,EV,,Pacific Coliseum
791,1981-03-25,EDM,@,HAR,W,,Wayne Gretzky,20,Mark Messier,,,3,19:04,EV,EN,Hartford Civic Center
792,1981-03-21,EDM,,LAK,T,,Wayne Gretzky,20,,,Mario Lessard,1,10:30,EV,,Northlands Coliseum
793,1981-03-20,EDM,,MNS,T,,Wayne Gretzky,20,Jari Kurri,Risto Siltanen,Don Beaupre,2,19:53,EV,,Northlands Coliseum
794,1981-03-15,EDM,@,CGY,T,,Wayne Gretzky,20,Brett Callighen,Jari Kurri,Pat Riggin,3,10:14,PP,,Stampede Corral
795,1981-03-07,EDM,@,PHI,W,,Wayne Gretzky,20,,,Rick St. Croix,1,4:17,EV,,The Spectrum
796,1981-03-07,EDM,@,PHI,W,,Wayne Gretzky,20,Brett Callighen,,Rick St. Croix,3,3:53,EV,,The Spectrum
797,1981-03-07,EDM,@,PHI,W,,Wayne Gretzky,20,Brett Callighen,Jari Kurri,Rick St. Croix,2,2:40,PP,,The Spectrum
798,1981-03-07,EDM,@,PHI,W,,Wayne Gretzky,20,Dave Lumley,Risto Siltanen,,3,19:18,PP,EN,The Spectrum
799,1981-03-04,EDM,@,NYR,T,,Wayne Gretzky,20,Dave Lumley,,Steve Baker,2,16:22,SH,,Madison Square Garden (IV)
800,1981-03-03,EDM,@,NYI,T,,Wayne Gretzky,20,Jari Kurri,Kevin Lowe,Billy Smith,3,5:05,EV,,Nassau Veterans Memorial Coliseum
801,1981-03-03,EDM,@,NYI,T,,Wayne Gretzky,20,Brett Callighen,Jari Kurri,Billy Smith,2,2:20,PP,,Nassau Veterans Memorial Coliseum
802,1981-02-27,EDM,,DET,W,,Wayne Gretzky,20,Pat Price,Mark Messier,,3,18:31,EV,EN,Northlands Coliseum
803,1981-02-25,EDM,,PHI,W,,Wayne Gretzky,20,Pat Price,Brett Callighen,Pete Peeters,2,18:02,EV,,Northlands Coliseum
804,1981-02-25,EDM,,PHI,W,,Wayne Gretzky,20,Glenn Anderson,Curt Brackenbury,Pete Peeters,3,16:00,EV,,Northlands Coliseum
805,1981-02-24,EDM,@,LAK,L,,Wayne Gretzky,20,Paul Coffey,,Mario Lessard,2,11:09,PP,,Great Western Forum
806,1981-02-18,EDM,,STL,W,,Wayne Gretzky,20,Kevin Lowe,Mark Messier,Ed Staniowski,3,8:07,SH,,Northlands Coliseum
807,1981-02-18,EDM,,STL,W,,Wayne Gretzky,20,Curt Brackenbury,Risto Siltanen,Mike Liut,2,4:44,EV,,Northlands Coliseum
808,1981-02-18,EDM,,STL,W,,Wayne Gretzky,20,,,Mike Liut,3,5:49,EV,,Northlands Coliseum
809,1981-02-18,EDM,,STL,W,,Wayne Gretzky,20,Paul Coffey,Kevin Lowe,Mike Liut,3,5:58,EV,,Northlands Coliseum
810,1981-02-18,EDM,,STL,W,,Wayne Gretzky,20,Doug Hicks,Risto Siltanen,Ed Staniowski,3,15:47,EV,,Northlands Coliseum
811,1981-02-13,EDM,,QUE,L,,Wayne Gretzky,20,Jari Kurri,Brett Callighen,Dan Bouchard,1,4:08,EV,,Northlands Coliseum
812,1981-02-08,EDM,,CGY,L,,Wayne Gretzky,20,Lee Fogolin,Brett Callighen,Pat Riggin,2,4:07,EV,,Northlands Coliseum
813,1981-02-06,EDM,,WIN,W,,Wayne Gretzky,20,Paul Coffey,Jari Kurri,Pierre Hamel,3,6:37,EV,,Northlands Coliseum
814,1981-02-06,EDM,,WIN,W,,Wayne Gretzky,20,Jari Kurri,Pat Price,Pierre Hamel,3,14:18,EV,,Northlands Coliseum
815,1981-02-06,EDM,,WIN,W,,Wayne Gretzky,20,Kevin Lowe,,Pierre Hamel,3,6:23,EV,,Northlands Coliseum
816,1981-02-04,EDM,@,CBH,L,,Wayne Gretzky,20,Doug Hicks,Risto Siltanen,Tony Esposito,2,8:09,PP,,Chicago Stadium
817,1981-01-30,EDM,,CBH,W,,Wayne Gretzky,20,Paul Coffey,Dave Lumley,Tony Esposito,3,15:34,EV,,Northlands Coliseum
818,1981-01-28,EDM,,MTL,W,,Wayne Gretzky,20,Blair MacDonald,,Richard Sevigny,3,11:14,EV,,Northlands Coliseum
819,1981-01-21,EDM,,VAN,W,,Wayne Gretzky,19,Blair MacDonald,Kevin Lowe,Gary Bromley,3,12:48,PP,,Northlands Coliseum
820,1981-01-17,EDM,@,STL,L,,Wayne Gretzky,19,Dave Semenko,,Ed Staniowski,3,16:53,EV,,The Checkerdome
821,1981-01-14,EDM,@,TOR,W,,Wayne Gretzky,19,Jari Kurri,Brett Callighen,Jim Rutherford,2,19:25,EV,,Maple Leaf Gardens
822,1981-01-14,EDM,@,TOR,W,,Wayne Gretzky,19,Doug Hicks,,Jim Rutherford,3,10:14,EV,,Maple Leaf Gardens
823,1981-01-11,EDM,@,QUE,W,,Wayne Gretzky,19,,,Ron Grahame,2,4:44,SH,,Quebec Coliseum
824,1981-01-07,EDM,,WSH,W,,Wayne Gretzky,19,Jari Kurri,Brett Callighen,Dave Parro,1,12:52,EV,,Northlands Coliseum
825,1981-01-07,EDM,,WSH,W,,Wayne Gretzky,19,Dave Hunter,,Dave Parro,2,19:35,SH,,Northlands Coliseum
826,1981-01-03,EDM,,TOR,W,,Wayne Gretzky,19,Paul Coffey,Jari Kurri,Vincent Tremblay,1,2:44,EV,,Northlands Coliseum
827,1980-12-30,EDM,@,CGY,L,,Wayne Gretzky,19,Pat Price,Mark Messier,Reggie Lemelin,3,15:51,PP,,Stampede Corral
828,1980-12-23,EDM,@,LAK,L,,Wayne Gretzky,19,,,Doug Keans,2,4:38,EV,,Great Western Forum
829,1980-12-23,EDM,@,LAK,L,,Wayne Gretzky,19,Mark Messier,,Doug Keans,3,5:18,EV,,Great Western Forum
830,1980-12-23,EDM,@,LAK,L,,Wayne Gretzky,19,Dave Semenko,Jari Kurri,Doug Keans,3,15:03,PP,,Great Western Forum
831,1980-12-07,EDM,,HAR,W,,Wayne Gretzky,19,Blair MacDonald,Charlie Huddy,Mike Veisor,1,18:35,EV,,Northlands Coliseum
832,1980-12-05,EDM,,NYR,L,,Wayne Gretzky,19,Charlie Huddy,Mark Messier,Wayne Thomas,2,10:59,EV,,Northlands Coliseum
833,1980-11-29,EDM,@,BOS,L,,Wayne Gretzky,19,Blair MacDonald,Jari Kurri,Rogie Vachon,1,1:51,EV,,Boston Garden
834,1980-11-26,EDM,,CBH,W,,Wayne Gretzky,19,Blair MacDonald,Jari Kurri,Tony Esposito,2,16:06,EV,,Northlands Coliseum
835,1980-11-16,EDM,@,CBH,W,,Wayne Gretzky,19,Don Ashby,Blair MacDonald,Tony Esposito,1,13:50,EV,,Chicago Stadium
836,1980-11-15,EDM,@,TOR,L,,Wayne Gretzky,19,Blair MacDonald,Risto Siltanen,Jiri Crha,2,14:20,PP,,Maple Leaf Gardens
837,1980-11-03,EDM,,PIT,T,,Wayne Gretzky,19,Mark Messier,Curt Brackenbury,Greg Millen,2,10:08,EV,,Northlands Coliseum
838,1980-11-03,EDM,,PIT,T,,Wayne Gretzky,19,Glenn Anderson,Matti Hagman,Greg Millen,1,13:37,PP,,Northlands Coliseum
839,1980-10-19,EDM,@,NYR,W,,Wayne Gretzky,19,Dave Semenko,Blair MacDonald,Wayne Thomas,3,11:02,PP,,Madison Square Garden (IV)
840,1980-10-18,EDM,@,NYI,T,,Wayne Gretzky,19,Blair MacDonald,Pat Price,Billy Smith,1,8:07,PP,,Nassau Veterans Memorial Coliseum
841,1980-10-18,EDM,@,NYI,T,,Wayne Gretzky,19,,,Billy Smith,2,16:40,PP,,Nassau Veterans Memorial Coliseum
842,1980-10-10,EDM,,QUE,L,,Wayne Gretzky,19,Blair MacDonald,,Michel Plasse,2,4:48,EV,,Northlands Coliseum
843,1980-10-10,EDM,,QUE,L,,Wayne Gretzky,19,Lee Fogolin,Jari Kurri,Michel Plasse,2,17:11,PP,,Northlands Coliseum
844,1980-04-04,EDM,,CLR,W,,Wayne Gretzky,19,Colin Campbell,Dave Hunter,Hardy Astrom,3,5:47,EV,,Northlands Coliseum
845,1980-04-02,EDM,,MNS,T,,Wayne Gretzky,19,Colin Campbell,Dave Hunter,Gary Edwards,2,9:46,EV,,Northlands Coliseum
846,1980-03-29,EDM,@,TOR,W,,Wayne Gretzky,19,Don Ashby,,Mike Palmateer,3,6:41,EV,,Maple Leaf Gardens
847,1980-03-29,EDM,@,TOR,W,,Wayne Gretzky,19,Blair MacDonald,Don Ashby,Mike Palmateer,1,19:59,EV,,Maple Leaf Gardens
848,1980-03-25,EDM,@,ATF,W,,Wayne Gretzky,19,,,Jim Craig,3,5:25,EV,,Omni Coliseum
849,1980-03-25,EDM,@,ATF,W,,Wayne Gretzky,19,Dave Hunter,,Jim Craig,3,6:28,EV,,Omni Coliseum
850,1980-03-21,EDM,,PIT,W,,Wayne Gretzky,19,Lee Fogolin,Blair MacDonald,Greg Millen,3,1:34,EV,,Northlands Coliseum
851,1980-03-21,EDM,,PIT,W,,Wayne Gretzky,19,Kevin Lowe,Dave Semenko,Greg Millen,3,5:11,EV,,Northlands Coliseum
852,1980-03-21,EDM,,PIT,W,,Wayne Gretzky,19,Pat Price,,Greg Millen,3,12:39,EV,,Northlands Coliseum
853,1980-03-15,EDM,,MTL,L,,Wayne Gretzky,19,,,Denis Herron,3,4:18,EV,,Northlands Coliseum
854,1980-03-12,EDM,@,QUE,W,,Wayne Gretzky,19,,,,3,19:37,EV,EN,Quebec Coliseum
855,1980-03-12,EDM,@,QUE,W,,Wayne Gretzky,19,,,Michel Dion,3,6:24,EV,,Quebec Coliseum
856,1980-03-08,EDM,@,PIT,L,,Wayne Gretzky,19,Blair MacDonald,,Greg Millen,2,15:45,EV,,Pittsburgh Civic Arena
857,1980-03-06,EDM,@,MTL,L,,Wayne Gretzky,19,Blair MacDonald,Don Ashby,Denis Herron,2,16:56,EV,,Montreal Forum
858,1980-03-04,EDM,@,NYI,L,,Wayne Gretzky,19,Blair MacDonald,,Glenn Resch,3,12:35,EV,,Nassau Veterans Memorial Coliseum
859,1980-03-04,EDM,@,NYI,L,,Wayne Gretzky,19,Blair MacDonald,Don Ashby,Glenn Resch,3,3:48,PP,,Nassau Veterans Memorial Coliseum
860,1980-02-17,EDM,,STL,T,,Wayne Gretzky,19,Brett Callighen,,Mike Liut,3,7:34,EV,,Northlands Coliseum
861,1980-02-08,EDM,,ATF,L,,Wayne Gretzky,19,Blair MacDonald,Pat Price,Dan Bouchard,1,18:55,EV,,Northlands Coliseum
862,1980-02-06,EDM,,STL,L,,Wayne Gretzky,19,Risto Siltanen,Jim Corsi,Mike Liut,1,6:15,EV,,Northlands Coliseum
863,1980-02-03,EDM,,LAK,W,,Wayne Gretzky,19,Cam Connor,Kevin Lowe,Mario Lessard,2,10:16,EV,,Northlands Coliseum
864,1980-02-01,EDM,,WIN,W,,Wayne Gretzky,19,Risto Siltanen,,Pierre Hamel,1,5:42,EV,,Northlands Coliseum
865,1980-02-01,EDM,,WIN,W,,Wayne Gretzky,19,Doug Hicks,Brett Callighen,Markus Mattsson,3,13:59,EV,,Northlands Coliseum
866,1980-02-01,EDM,,WIN,W,,Wayne Gretzky,19,Risto Siltanen,Doug Hicks,Pierre Hamel,2,0:10,PP,,Northlands Coliseum
867,1980-01-30,EDM,@,LAK,W,,Wayne Gretzky,19,Blair MacDonald,Pat Price,Mario Lessard,1,18:03,EV,,Great Western Forum
868,1980-01-27,EDM,,PHI,L,,Wayne Gretzky,19,Brett Callighen,Dave Lumley,Pete Peeters,2,14:28,EV,,Northlands Coliseum
869,1980-01-23,EDM,,PIT,W,,Wayne Gretzky,18,Doug Hicks,Brett Callighen,Rob Holland,3,19:41,EV,,Northlands Coliseum
870,1980-01-19,EDM,@,PIT,W,,Wayne Gretzky,18,Risto Siltanen,Doug Hicks,Greg Millen,2,11:24,PP,,Pittsburgh Civic Arena
871,1980-01-19,EDM,@,PIT,W,,Wayne Gretzky,18,Blair MacDonald,Pat Price,Greg Millen,3,6:17,EV,,Pittsburgh Civic Arena
872,1980-01-16,EDM,@,WSH,W,,Wayne Gretzky,18,Brett Callighen,Blair MacDonald,Wayne Stephenson,2,11:44,EV,,Capital Center
873,1980-01-09,EDM,@,QUE,L,,Wayne Gretzky,18,Doug Hicks,Risto Siltanen,Ron Low,2,10:41,PP,,Quebec Coliseum
874,1980-01-05,EDM,,LAK,T,,Wayne Gretzky,18,Kevin Lowe,Risto Siltanen,Mario Lessard,2,8:47,PP,,Northlands Coliseum
875,1980-01-05,EDM,,LAK,T,,Wayne Gretzky,18,Pat Price,Brett Callighen,Mario Lessard,3,10:51,PP,,Northlands Coliseum
876,1979-12-28,EDM,@,VAN,W,,Wayne Gretzky,18,,,Curt Ridley,2,17:39,SH,,Pacific Coliseum
877,1979-12-26,EDM,,CLR,W,,Wayne Gretzky,18,Brett Callighen,Blair MacDonald,Hardy Astrom,1,13:37,EV,,Northlands Coliseum
878,1979-12-22,EDM,@,LAK,L,,Wayne Gretzky,18,Blair MacDonald,Brett Callighen,Mario Lessard,2,18:04,PP,,Great Western Forum
879,1979-12-22,EDM,@,LAK,L,,Wayne Gretzky,18,Brett Callighen,Kevin Lowe,Mario Lessard,3,19:55,EV,,Great Western Forum
880,1979-12-19,EDM,,DET,L,,Wayne Gretzky,18,Risto Siltanen,Blair MacDonald,Rogie Vachon,1,1:28,EV,,Northlands Coliseum
881,1979-12-19,EDM,,DET,L,,Wayne Gretzky,18,Eddie Mio,Blair MacDonald,Rogie Vachon,2,0:20,EV,,Northlands Coliseum
882,1979-12-16,EDM,,WIN,L,,Wayne Gretzky,18,Blair MacDonald,Mark Messier,Lindsay Middlebrook,3,6:36,EV,,Northlands Coliseum
883,1979-12-14,EDM,,MTL,W,,Wayne Gretzky,18,Kari Makkonen,Blair MacDonald,Michel Larocque,2,1:40,PP,,Northlands Coliseum
884,1979-12-09,EDM,,HAR,W,,Wayne Gretzky,18,Pat Price,,Al Smith,3,6:36,EV,,Northlands Coliseum
885,1979-11-30,EDM,,NYI,W,,Wayne Gretzky,18,Doug Hicks,Risto Siltanen,Billy Smith,1,14:08,PP,,Northlands Coliseum
886,1979-11-21,EDM,@,TOR,T,,Wayne Gretzky,18,Risto Siltanen,,Paul Harrison,3,13:39,PP,,Maple Leaf Gardens
887,1979-11-21,EDM,@,TOR,T,,Wayne Gretzky,18,Blair MacDonald,,Paul Harrison,2,8:30,PP,,Maple Leaf Gardens
888,1979-11-18,EDM,@,BUF,L,,Wayne Gretzky,18,Mark Messier,,Bob Sauve,3,18:13,EV,,Buffalo Memorial Auditorium
889,1979-11-13,EDM,@,WSH,W,,Wayne Gretzky,18,Lee Fogolin,,Wayne Stephenson,2,12:06,EV,,Capital Center
890,1979-11-07,EDM,@,DET,L,,Wayne Gretzky,18,Brett Callighen,Blair MacDonald,Rogie Vachon,2,16:06,PP,,
891,1979-11-02,EDM,,NYI,W,,Wayne Gretzky,18,Doug Hicks,,Glenn Resch,1,2:18,EV,,Northlands Coliseum
892,1979-11-02,EDM,,NYI,W,,Wayne Gretzky,18,Dave Lumley,Doug Hicks,Glenn Resch,1,3:56,EV,,Northlands Coliseum
893,1979-10-21,EDM,,MNS,T,,Wayne Gretzky,18,Brett Callighen,Risto Siltanen,Gary Edwards,3,14:51,EV,,Northlands Coliseum
894,1979-10-14,EDM,,VAN,T,,Wayne Gretzky,18,Brett Callighen,Blair MacDonald,Glen Hanlon,3,18:51,PP,,Northlands Coliseum